2025-10-31 13:53:38,862 [Worker-3: Loading available Gradle versions] INFO  o.e.b.c.i.u.g.PublishedGradleVersions - Gradle version information cache is not available. Remote download required.
2025-10-31 14:34:22,686 [Worker-3: Loading available Gradle versions] INFO  o.e.b.c.i.u.g.PublishedGradleVersions - Gradle version information cache is up-to-date. Trying to read.
2025-10-31 14:38:44,322 [Worker-33: Update Maven projects configuration] INFO  o.e.m.c.i.p.ProjectConfigurationManager - Update started
2025-10-31 14:38:45,010 [Worker-33: Update Maven projects configuration] INFO  o.e.m.c.i.e.AbstractTransferListenerAdapter - Downloading https://repo.maven.apache.org/maven2/org/apache/maven/plugins/maven-clean-plugin/3.2.0/maven-clean-plugin-3.2.0.jar
2025-10-31 14:38:45,479 [Worker-33: Update Maven projects configuration] INFO  o.e.m.c.i.e.AbstractTransferListenerAdapter - Downloaded https://repo.maven.apache.org/maven2/org/apache/maven/plugins/maven-clean-plugin/3.2.0/maven-clean-plugin-3.2.0.jar
2025-10-31 14:38:45,775 [Worker-33: Update Maven projects configuration] INFO  o.e.m.c.i.e.AbstractTransferListenerAdapter - Downloading https://repo.maven.apache.org/maven2/org/apache/maven/plugins/maven-resources-plugin/3.3.1/maven-resources-plugin-3.3.1.jar
2025-10-31 14:38:46,125 [Worker-33: Update Maven projects configuration] INFO  o.e.m.c.i.e.AbstractTransferListenerAdapter - Downloaded https://repo.maven.apache.org/maven2/org/apache/maven/plugins/maven-resources-plugin/3.3.1/maven-resources-plugin-3.3.1.jar
2025-10-31 14:38:46,331 [Worker-33: Update Maven projects configuration] INFO  o.e.m.c.i.e.AbstractTransferListenerAdapter - Downloading https://repo.maven.apache.org/maven2/org/apache/maven/plugins/maven-compiler-plugin/3.13.0/maven-compiler-plugin-3.13.0.jar
2025-10-31 14:38:46,370 [Worker-33: Update Maven projects configuration] INFO  o.e.m.c.i.e.AbstractTransferListenerAdapter - Downloaded https://repo.maven.apache.org/maven2/org/apache/maven/plugins/maven-compiler-plugin/3.13.0/maven-compiler-plugin-3.13.0.jar
2025-10-31 14:38:46,595 [Worker-33: Update Maven projects configuration] INFO  o.e.m.c.i.e.AbstractTransferListenerAdapter - Downloading https://repo.maven.apache.org/maven2/org/apache/maven/plugins/maven-jar-plugin/3.4.1/maven-jar-plugin-3.4.1.jar
2025-10-31 14:38:46,955 [Worker-33: Update Maven projects configuration] INFO  o.e.m.c.i.e.AbstractTransferListenerAdapter - Downloaded https://repo.maven.apache.org/maven2/org/apache/maven/plugins/maven-jar-plugin/3.4.1/maven-jar-plugin-3.4.1.jar
2025-10-31 14:38:47,199 [Worker-33: Update Maven projects configuration] INFO  o.e.m.c.i.e.AbstractTransferListenerAdapter - Downloading https://repo.maven.apache.org/maven2/org/apache/maven/plugins/maven-install-plugin/3.1.2/maven-install-plugin-3.1.2.jar
2025-10-31 14:38:47,507 [Worker-33: Update Maven projects configuration] INFO  o.e.m.c.i.e.AbstractTransferListenerAdapter - Downloaded https://repo.maven.apache.org/maven2/org/apache/maven/plugins/maven-install-plugin/3.1.2/maven-install-plugin-3.1.2.jar
2025-10-31 14:38:47,704 [Worker-33: Update Maven projects configuration] INFO  o.e.m.c.i.e.AbstractTransferListenerAdapter - Downloading https://repo.maven.apache.org/maven2/org/apache/maven/plugins/maven-deploy-plugin/3.1.2/maven-deploy-plugin-3.1.2.jar
2025-10-31 14:38:48,078 [Worker-33: Update Maven projects configuration] INFO  o.e.m.c.i.e.AbstractTransferListenerAdapter - Downloaded https://repo.maven.apache.org/maven2/org/apache/maven/plugins/maven-deploy-plugin/3.1.2/maven-deploy-plugin-3.1.2.jar
2025-10-31 14:38:48,297 [Worker-33: Update Maven projects configuration] INFO  o.e.m.c.i.e.AbstractTransferListenerAdapter - Downloading https://repo.maven.apache.org/maven2/org/apache/maven/plugins/maven-site-plugin/3.12.1/maven-site-plugin-3.12.1.jar
2025-10-31 14:38:48,338 [Worker-33: Update Maven projects configuration] INFO  o.e.m.c.i.e.AbstractTransferListenerAdapter - Downloaded https://repo.maven.apache.org/maven2/org/apache/maven/plugins/maven-site-plugin/3.12.1/maven-site-plugin-3.12.1.jar
2025-10-31 14:38:48,399 [Worker-33: Update Maven projects configuration] INFO  o.e.m.c.i.e.AbstractTransferListenerAdapter - Downloading https://repo.maven.apache.org/maven2/org/apache/maven/plugins/maven-compiler-plugin/3.13.0/maven-compiler-plugin-3.13.0.pom
2025-10-31 14:38:48,444 [Worker-33: Update Maven projects configuration] INFO  o.e.m.c.i.e.AbstractTransferListenerAdapter - Downloaded https://repo.maven.apache.org/maven2/org/apache/maven/plugins/maven-compiler-plugin/3.13.0/maven-compiler-plugin-3.13.0.pom
2025-10-31 14:38:48,496 [Worker-33: Update Maven projects configuration] INFO  o.e.m.c.i.e.AbstractTransferListenerAdapter - Downloading https://repo.maven.apache.org/maven2/org/apache/maven/plugins/maven-plugins/41/maven-plugins-41.pom
2025-10-31 14:38:48,530 [Worker-33: Update Maven projects configuration] INFO  o.e.m.c.i.e.AbstractTransferListenerAdapter - Downloaded https://repo.maven.apache.org/maven2/org/apache/maven/plugins/maven-plugins/41/maven-plugins-41.pom
2025-10-31 14:38:48,567 [Worker-33: Update Maven projects configuration] INFO  o.e.m.c.i.e.AbstractTransferListenerAdapter - Downloading https://repo.maven.apache.org/maven2/org/apache/maven/maven-parent/41/maven-parent-41.pom
2025-10-31 14:38:48,602 [Worker-33: Update Maven projects configuration] INFO  o.e.m.c.i.e.AbstractTransferListenerAdapter - Downloaded https://repo.maven.apache.org/maven2/org/apache/maven/maven-parent/41/maven-parent-41.pom
2025-10-31 14:38:48,655 [Worker-33: Update Maven projects configuration] INFO  o.e.m.c.i.e.AbstractTransferListenerAdapter - Downloading https://repo.maven.apache.org/maven2/org/apache/apache/31/apache-31.pom
2025-10-31 14:38:48,697 [Worker-33: Update Maven projects configuration] INFO  o.e.m.c.i.e.AbstractTransferListenerAdapter - Downloaded https://repo.maven.apache.org/maven2/org/apache/apache/31/apache-31.pom
2025-10-31 14:38:48,805 [Worker-33: Update Maven projects configuration] INFO  o.e.m.c.i.e.AbstractTransferListenerAdapter - Downloading https://repo.maven.apache.org/maven2/org/apache/maven/shared/maven-shared-utils/3.4.2/maven-shared-utils-3.4.2.pom
2025-10-31 14:38:48,849 [Worker-33: Update Maven projects configuration] INFO  o.e.m.c.i.e.AbstractTransferListenerAdapter - Downloaded https://repo.maven.apache.org/maven2/org/apache/maven/shared/maven-shared-utils/3.4.2/maven-shared-utils-3.4.2.pom
2025-10-31 14:38:48,892 [Worker-33: Update Maven projects configuration] INFO  o.e.m.c.i.e.AbstractTransferListenerAdapter - Downloading https://repo.maven.apache.org/maven2/org/apache/maven/shared/maven-shared-components/39/maven-shared-components-39.pom
2025-10-31 14:38:48,935 [Worker-33: Update Maven projects configuration] INFO  o.e.m.c.i.e.AbstractTransferListenerAdapter - Downloaded https://repo.maven.apache.org/maven2/org/apache/maven/shared/maven-shared-components/39/maven-shared-components-39.pom
2025-10-31 14:38:48,983 [Worker-33: Update Maven projects configuration] INFO  o.e.m.c.i.e.AbstractTransferListenerAdapter - Downloading https://repo.maven.apache.org/maven2/org/apache/maven/maven-parent/39/maven-parent-39.pom
2025-10-31 14:38:49,029 [Worker-33: Update Maven projects configuration] INFO  o.e.m.c.i.e.AbstractTransferListenerAdapter - Downloaded https://repo.maven.apache.org/maven2/org/apache/maven/maven-parent/39/maven-parent-39.pom
2025-10-31 14:38:49,083 [Worker-33: Update Maven projects configuration] INFO  o.e.m.c.i.e.AbstractTransferListenerAdapter - Downloading https://repo.maven.apache.org/maven2/org/apache/apache/29/apache-29.pom
2025-10-31 14:38:49,125 [Worker-33: Update Maven projects configuration] INFO  o.e.m.c.i.e.AbstractTransferListenerAdapter - Downloaded https://repo.maven.apache.org/maven2/org/apache/apache/29/apache-29.pom
2025-10-31 14:38:49,183 [Worker-33: Update Maven projects configuration] INFO  o.e.m.c.i.e.AbstractTransferListenerAdapter - Downloading https://repo.maven.apache.org/maven2/org/slf4j/slf4j-api/1.7.36/slf4j-api-1.7.36.pom
2025-10-31 14:38:49,217 [Worker-33: Update Maven projects configuration] INFO  o.e.m.c.i.e.AbstractTransferListenerAdapter - Downloaded https://repo.maven.apache.org/maven2/org/slf4j/slf4j-api/1.7.36/slf4j-api-1.7.36.pom
2025-10-31 14:38:49,254 [Worker-33: Update Maven projects configuration] INFO  o.e.m.c.i.e.AbstractTransferListenerAdapter - Downloading https://repo.maven.apache.org/maven2/org/slf4j/slf4j-parent/1.7.36/slf4j-parent-1.7.36.pom
2025-10-31 14:38:49,291 [Worker-33: Update Maven projects configuration] INFO  o.e.m.c.i.e.AbstractTransferListenerAdapter - Downloaded https://repo.maven.apache.org/maven2/org/slf4j/slf4j-parent/1.7.36/slf4j-parent-1.7.36.pom
2025-10-31 14:38:49,344 [Worker-33: Update Maven projects configuration] INFO  o.e.m.c.i.e.AbstractTransferListenerAdapter - Downloading https://repo.maven.apache.org/maven2/commons-io/commons-io/2.11.0/commons-io-2.11.0.pom
2025-10-31 14:38:49,383 [Worker-33: Update Maven projects configuration] INFO  o.e.m.c.i.e.AbstractTransferListenerAdapter - Downloaded https://repo.maven.apache.org/maven2/commons-io/commons-io/2.11.0/commons-io-2.11.0.pom
2025-10-31 14:38:49,442 [Worker-33: Update Maven projects configuration] INFO  o.e.m.c.i.e.AbstractTransferListenerAdapter - Downloading https://repo.maven.apache.org/maven2/org/apache/commons/commons-parent/52/commons-parent-52.pom
2025-10-31 14:38:49,490 [Worker-33: Update Maven projects configuration] INFO  o.e.m.c.i.e.AbstractTransferListenerAdapter - Downloaded https://repo.maven.apache.org/maven2/org/apache/commons/commons-parent/52/commons-parent-52.pom
2025-10-31 14:38:49,552 [Worker-33: Update Maven projects configuration] INFO  o.e.m.c.i.e.AbstractTransferListenerAdapter - Downloading https://repo.maven.apache.org/maven2/org/apache/apache/23/apache-23.pom
2025-10-31 14:38:49,607 [Worker-33: Update Maven projects configuration] INFO  o.e.m.c.i.e.AbstractTransferListenerAdapter - Downloaded https://repo.maven.apache.org/maven2/org/apache/apache/23/apache-23.pom
2025-10-31 14:38:49,860 [Worker-33: Update Maven projects configuration] INFO  o.e.m.c.i.e.AbstractTransferListenerAdapter - Downloading https://repo.maven.apache.org/maven2/org/codehaus/plexus/plexus-java/1.2.0/plexus-java-1.2.0.pom
2025-10-31 14:38:49,900 [Worker-33: Update Maven projects configuration] INFO  o.e.m.c.i.e.AbstractTransferListenerAdapter - Downloaded https://repo.maven.apache.org/maven2/org/codehaus/plexus/plexus-java/1.2.0/plexus-java-1.2.0.pom
2025-10-31 14:38:49,944 [Worker-33: Update Maven projects configuration] INFO  o.e.m.c.i.e.AbstractTransferListenerAdapter - Downloading https://repo.maven.apache.org/maven2/org/codehaus/plexus/plexus-languages/1.2.0/plexus-languages-1.2.0.pom
2025-10-31 14:38:49,979 [Worker-33: Update Maven projects configuration] INFO  o.e.m.c.i.e.AbstractTransferListenerAdapter - Downloaded https://repo.maven.apache.org/maven2/org/codehaus/plexus/plexus-languages/1.2.0/plexus-languages-1.2.0.pom
2025-10-31 14:38:50,016 [Worker-33: Update Maven projects configuration] INFO  o.e.m.c.i.e.AbstractTransferListenerAdapter - Downloading https://repo.maven.apache.org/maven2/org/codehaus/plexus/plexus/15/plexus-15.pom
2025-10-31 14:38:50,054 [Worker-33: Update Maven projects configuration] INFO  o.e.m.c.i.e.AbstractTransferListenerAdapter - Downloaded https://repo.maven.apache.org/maven2/org/codehaus/plexus/plexus/15/plexus-15.pom
2025-10-31 14:38:50,098 [Worker-33: Update Maven projects configuration] INFO  o.e.m.c.i.e.AbstractTransferListenerAdapter - Downloading https://repo.maven.apache.org/maven2/org/junit/junit-bom/5.10.0/junit-bom-5.10.0.pom
2025-10-31 14:38:50,164 [Worker-33: Update Maven projects configuration] INFO  o.e.m.c.i.e.AbstractTransferListenerAdapter - Downloaded https://repo.maven.apache.org/maven2/org/junit/junit-bom/5.10.0/junit-bom-5.10.0.pom
2025-10-31 14:38:50,209 [Worker-33: Update Maven projects configuration] INFO  o.e.m.c.i.e.AbstractTransferListenerAdapter - Downloading https://repo.maven.apache.org/maven2/org/ow2/asm/asm/9.6/asm-9.6.pom
2025-10-31 14:38:50,263 [Worker-33: Update Maven projects configuration] INFO  o.e.m.c.i.e.AbstractTransferListenerAdapter - Downloaded https://repo.maven.apache.org/maven2/org/ow2/asm/asm/9.6/asm-9.6.pom
2025-10-31 14:38:50,305 [Worker-33: Update Maven projects configuration] INFO  o.e.m.c.i.e.AbstractTransferListenerAdapter - Downloading https://repo.maven.apache.org/maven2/org/ow2/ow2/1.5.1/ow2-1.5.1.pom
2025-10-31 14:38:50,346 [Worker-33: Update Maven projects configuration] INFO  o.e.m.c.i.e.AbstractTransferListenerAdapter - Downloaded https://repo.maven.apache.org/maven2/org/ow2/ow2/1.5.1/ow2-1.5.1.pom
2025-10-31 14:38:50,402 [Worker-33: Update Maven projects configuration] INFO  o.e.m.c.i.e.AbstractTransferListenerAdapter - Downloading https://repo.maven.apache.org/maven2/com/thoughtworks/qdox/qdox/2.0.3/qdox-2.0.3.pom
2025-10-31 14:38:50,443 [Worker-33: Update Maven projects configuration] INFO  o.e.m.c.i.e.AbstractTransferListenerAdapter - Downloaded https://repo.maven.apache.org/maven2/com/thoughtworks/qdox/qdox/2.0.3/qdox-2.0.3.pom
2025-10-31 14:38:50,535 [Worker-33: Update Maven projects configuration] INFO  o.e.m.c.i.e.AbstractTransferListenerAdapter - Downloading https://repo.maven.apache.org/maven2/org/codehaus/plexus/plexus-compiler-api/2.15.0/plexus-compiler-api-2.15.0.pom
2025-10-31 14:38:50,565 [Worker-33: Update Maven projects configuration] INFO  o.e.m.c.i.e.AbstractTransferListenerAdapter - Downloaded https://repo.maven.apache.org/maven2/org/codehaus/plexus/plexus-compiler-api/2.15.0/plexus-compiler-api-2.15.0.pom
2025-10-31 14:38:50,602 [Worker-33: Update Maven projects configuration] INFO  o.e.m.c.i.e.AbstractTransferListenerAdapter - Downloading https://repo.maven.apache.org/maven2/org/codehaus/plexus/plexus-compiler/2.15.0/plexus-compiler-2.15.0.pom
2025-10-31 14:38:50,638 [Worker-33: Update Maven projects configuration] INFO  o.e.m.c.i.e.AbstractTransferListenerAdapter - Downloaded https://repo.maven.apache.org/maven2/org/codehaus/plexus/plexus-compiler/2.15.0/plexus-compiler-2.15.0.pom
2025-10-31 14:38:50,675 [Worker-33: Update Maven projects configuration] INFO  o.e.m.c.i.e.AbstractTransferListenerAdapter - Downloading https://repo.maven.apache.org/maven2/org/codehaus/plexus/plexus/17/plexus-17.pom
2025-10-31 14:38:50,707 [Worker-33: Update Maven projects configuration] INFO  o.e.m.c.i.e.AbstractTransferListenerAdapter - Downloaded https://repo.maven.apache.org/maven2/org/codehaus/plexus/plexus/17/plexus-17.pom
2025-10-31 14:38:50,759 [Worker-33: Update Maven projects configuration] INFO  o.e.m.c.i.e.AbstractTransferListenerAdapter - Downloading https://repo.maven.apache.org/maven2/org/junit/junit-bom/5.10.2/junit-bom-5.10.2.pom
2025-10-31 14:38:50,790 [Worker-33: Update Maven projects configuration] INFO  o.e.m.c.i.e.AbstractTransferListenerAdapter - Downloaded https://repo.maven.apache.org/maven2/org/junit/junit-bom/5.10.2/junit-bom-5.10.2.pom
2025-10-31 14:38:50,832 [Worker-33: Update Maven projects configuration] INFO  o.e.m.c.i.e.AbstractTransferListenerAdapter - Downloading https://repo.maven.apache.org/maven2/org/codehaus/plexus/plexus-utils/4.0.0/plexus-utils-4.0.0.pom
2025-10-31 14:38:50,872 [Worker-33: Update Maven projects configuration] INFO  o.e.m.c.i.e.AbstractTransferListenerAdapter - Downloaded https://repo.maven.apache.org/maven2/org/codehaus/plexus/plexus-utils/4.0.0/plexus-utils-4.0.0.pom
2025-10-31 14:38:50,928 [Worker-33: Update Maven projects configuration] INFO  o.e.m.c.i.e.AbstractTransferListenerAdapter - Downloading https://repo.maven.apache.org/maven2/org/codehaus/plexus/plexus/13/plexus-13.pom
2025-10-31 14:38:50,970 [Worker-33: Update Maven projects configuration] INFO  o.e.m.c.i.e.AbstractTransferListenerAdapter - Downloaded https://repo.maven.apache.org/maven2/org/codehaus/plexus/plexus/13/plexus-13.pom
2025-10-31 14:38:51,022 [Worker-33: Update Maven projects configuration] INFO  o.e.m.c.i.e.AbstractTransferListenerAdapter - Downloading https://repo.maven.apache.org/maven2/org/junit/junit-bom/5.9.3/junit-bom-5.9.3.pom
2025-10-31 14:38:51,054 [Worker-33: Update Maven projects configuration] INFO  o.e.m.c.i.e.AbstractTransferListenerAdapter - Downloaded https://repo.maven.apache.org/maven2/org/junit/junit-bom/5.9.3/junit-bom-5.9.3.pom
2025-10-31 14:38:51,088 [Worker-33: Update Maven projects configuration] INFO  o.e.m.c.i.e.AbstractTransferListenerAdapter - Downloading https://repo.maven.apache.org/maven2/org/codehaus/plexus/plexus-compiler-manager/2.15.0/plexus-compiler-manager-2.15.0.pom
2025-10-31 14:38:51,119 [Worker-33: Update Maven projects configuration] INFO  o.e.m.c.i.e.AbstractTransferListenerAdapter - Downloaded https://repo.maven.apache.org/maven2/org/codehaus/plexus/plexus-compiler-manager/2.15.0/plexus-compiler-manager-2.15.0.pom
2025-10-31 14:38:51,157 [Worker-33: Update Maven projects configuration] INFO  o.e.m.c.i.e.AbstractTransferListenerAdapter - Downloading https://repo.maven.apache.org/maven2/javax/inject/javax.inject/1/javax.inject-1.pom
2025-10-31 14:38:51,184 [Worker-33: Update Maven projects configuration] INFO  o.e.m.c.i.e.AbstractTransferListenerAdapter - Downloaded https://repo.maven.apache.org/maven2/javax/inject/javax.inject/1/javax.inject-1.pom
2025-10-31 14:38:51,219 [Worker-33: Update Maven projects configuration] INFO  o.e.m.c.i.e.AbstractTransferListenerAdapter - Downloading https://repo.maven.apache.org/maven2/org/codehaus/plexus/plexus-xml/3.0.0/plexus-xml-3.0.0.pom
2025-10-31 14:38:51,256 [Worker-33: Update Maven projects configuration] INFO  o.e.m.c.i.e.AbstractTransferListenerAdapter - Downloaded https://repo.maven.apache.org/maven2/org/codehaus/plexus/plexus-xml/3.0.0/plexus-xml-3.0.0.pom
2025-10-31 14:38:51,292 [Worker-33: Update Maven projects configuration] INFO  o.e.m.c.i.e.AbstractTransferListenerAdapter - Downloading https://repo.maven.apache.org/maven2/org/codehaus/plexus/plexus-compiler-javac/2.15.0/plexus-compiler-javac-2.15.0.pom
2025-10-31 14:38:51,323 [Worker-33: Update Maven projects configuration] INFO  o.e.m.c.i.e.AbstractTransferListenerAdapter - Downloaded https://repo.maven.apache.org/maven2/org/codehaus/plexus/plexus-compiler-javac/2.15.0/plexus-compiler-javac-2.15.0.pom
2025-10-31 14:38:51,363 [Worker-33: Update Maven projects configuration] INFO  o.e.m.c.i.e.AbstractTransferListenerAdapter - Downloading https://repo.maven.apache.org/maven2/org/codehaus/plexus/plexus-compilers/2.15.0/plexus-compilers-2.15.0.pom
2025-10-31 14:38:51,394 [Worker-33: Update Maven projects configuration] INFO  o.e.m.c.i.e.AbstractTransferListenerAdapter - Downloaded https://repo.maven.apache.org/maven2/org/codehaus/plexus/plexus-compilers/2.15.0/plexus-compilers-2.15.0.pom
2025-10-31 14:38:51,454 [Worker-33: Update Maven projects configuration] INFO  o.e.m.c.i.e.AbstractTransferListenerAdapter - Downloading https://repo.maven.apache.org/maven2/org/apache/maven/shared/maven-shared-utils/3.4.2/maven-shared-utils-3.4.2.jar
2025-10-31 14:38:51,502 [Worker-33: Update Maven projects configuration] INFO  o.e.m.c.i.e.AbstractTransferListenerAdapter - Downloaded https://repo.maven.apache.org/maven2/org/apache/maven/shared/maven-shared-utils/3.4.2/maven-shared-utils-3.4.2.jar
2025-10-31 14:38:51,536 [BasicRepositoryConnector-repo.maven.apache.org-0-0] INFO  o.e.m.c.i.e.AbstractTransferListenerAdapter - Downloading https://repo.maven.apache.org/maven2/org/slf4j/slf4j-api/1.7.36/slf4j-api-1.7.36.jar
2025-10-31 14:38:51,561 [BasicRepositoryConnector-repo.maven.apache.org-0-3] INFO  o.e.m.c.i.e.AbstractTransferListenerAdapter - Downloading https://repo.maven.apache.org/maven2/org/ow2/asm/asm/9.6/asm-9.6.jar
2025-10-31 14:38:51,566 [BasicRepositoryConnector-repo.maven.apache.org-0-1] INFO  o.e.m.c.i.e.AbstractTransferListenerAdapter - Downloading https://repo.maven.apache.org/maven2/commons-io/commons-io/2.11.0/commons-io-2.11.0.jar
2025-10-31 14:38:51,571 [BasicRepositoryConnector-repo.maven.apache.org-0-2] INFO  o.e.m.c.i.e.AbstractTransferListenerAdapter - Downloading https://repo.maven.apache.org/maven2/org/codehaus/plexus/plexus-java/1.2.0/plexus-java-1.2.0.jar
2025-10-31 14:38:51,581 [BasicRepositoryConnector-repo.maven.apache.org-0-4] INFO  o.e.m.c.i.e.AbstractTransferListenerAdapter - Downloading https://repo.maven.apache.org/maven2/com/thoughtworks/qdox/qdox/2.0.3/qdox-2.0.3.jar
2025-10-31 14:38:51,639 [BasicRepositoryConnector-repo.maven.apache.org-0-3] INFO  o.e.m.c.i.e.AbstractTransferListenerAdapter - Downloaded https://repo.maven.apache.org/maven2/org/ow2/asm/asm/9.6/asm-9.6.jar
2025-10-31 14:38:51,650 [BasicRepositoryConnector-repo.maven.apache.org-0-2] INFO  o.e.m.c.i.e.AbstractTransferListenerAdapter - Downloaded https://repo.maven.apache.org/maven2/org/codehaus/plexus/plexus-java/1.2.0/plexus-java-1.2.0.jar
2025-10-31 14:38:51,671 [BasicRepositoryConnector-repo.maven.apache.org-0-1] INFO  o.e.m.c.i.e.AbstractTransferListenerAdapter - Downloaded https://repo.maven.apache.org/maven2/commons-io/commons-io/2.11.0/commons-io-2.11.0.jar
2025-10-31 14:38:51,678 [BasicRepositoryConnector-repo.maven.apache.org-0-3] INFO  o.e.m.c.i.e.AbstractTransferListenerAdapter - Downloading https://repo.maven.apache.org/maven2/org/codehaus/plexus/plexus-compiler-api/2.15.0/plexus-compiler-api-2.15.0.jar
2025-10-31 14:38:51,680 [BasicRepositoryConnector-repo.maven.apache.org-0-2] INFO  o.e.m.c.i.e.AbstractTransferListenerAdapter - Downloading https://repo.maven.apache.org/maven2/org/codehaus/plexus/plexus-compiler-manager/2.15.0/plexus-compiler-manager-2.15.0.jar
2025-10-31 14:38:51,695 [BasicRepositoryConnector-repo.maven.apache.org-0-4] INFO  o.e.m.c.i.e.AbstractTransferListenerAdapter - Downloaded https://repo.maven.apache.org/maven2/com/thoughtworks/qdox/qdox/2.0.3/qdox-2.0.3.jar
2025-10-31 14:38:51,706 [BasicRepositoryConnector-repo.maven.apache.org-0-1] INFO  o.e.m.c.i.e.AbstractTransferListenerAdapter - Downloading https://repo.maven.apache.org/maven2/javax/inject/javax.inject/1/javax.inject-1.jar
2025-10-31 14:38:51,728 [BasicRepositoryConnector-repo.maven.apache.org-0-4] INFO  o.e.m.c.i.e.AbstractTransferListenerAdapter - Downloading https://repo.maven.apache.org/maven2/org/codehaus/plexus/plexus-xml/3.0.0/plexus-xml-3.0.0.jar
2025-10-31 14:38:51,736 [BasicRepositoryConnector-repo.maven.apache.org-0-1] INFO  o.e.m.c.i.e.AbstractTransferListenerAdapter - Downloaded https://repo.maven.apache.org/maven2/javax/inject/javax.inject/1/javax.inject-1.jar
2025-10-31 14:38:51,770 [BasicRepositoryConnector-repo.maven.apache.org-0-1] INFO  o.e.m.c.i.e.AbstractTransferListenerAdapter - Downloading https://repo.maven.apache.org/maven2/org/codehaus/plexus/plexus-compiler-javac/2.15.0/plexus-compiler-javac-2.15.0.jar
2025-10-31 14:38:51,784 [BasicRepositoryConnector-repo.maven.apache.org-0-4] INFO  o.e.m.c.i.e.AbstractTransferListenerAdapter - Downloaded https://repo.maven.apache.org/maven2/org/codehaus/plexus/plexus-xml/3.0.0/plexus-xml-3.0.0.jar
2025-10-31 14:38:51,817 [BasicRepositoryConnector-repo.maven.apache.org-0-4] INFO  o.e.m.c.i.e.AbstractTransferListenerAdapter - Downloading https://repo.maven.apache.org/maven2/org/codehaus/plexus/plexus-utils/4.0.0/plexus-utils-4.0.0.jar
2025-10-31 14:38:51,885 [BasicRepositoryConnector-repo.maven.apache.org-0-4] INFO  o.e.m.c.i.e.AbstractTransferListenerAdapter - Downloaded https://repo.maven.apache.org/maven2/org/codehaus/plexus/plexus-utils/4.0.0/plexus-utils-4.0.0.jar
2025-10-31 14:38:51,912 [BasicRepositoryConnector-repo.maven.apache.org-0-2] INFO  o.e.m.c.i.e.AbstractTransferListenerAdapter - Downloaded https://repo.maven.apache.org/maven2/org/codehaus/plexus/plexus-compiler-manager/2.15.0/plexus-compiler-manager-2.15.0.jar
2025-10-31 14:38:52,107 [BasicRepositoryConnector-repo.maven.apache.org-0-1] INFO  o.e.m.c.i.e.AbstractTransferListenerAdapter - Downloaded https://repo.maven.apache.org/maven2/org/codehaus/plexus/plexus-compiler-javac/2.15.0/plexus-compiler-javac-2.15.0.jar
2025-10-31 14:38:52,257 [BasicRepositoryConnector-repo.maven.apache.org-0-3] INFO  o.e.m.c.i.e.AbstractTransferListenerAdapter - Downloaded https://repo.maven.apache.org/maven2/org/codehaus/plexus/plexus-compiler-api/2.15.0/plexus-compiler-api-2.15.0.jar
2025-10-31 14:38:52,469 [BasicRepositoryConnector-repo.maven.apache.org-0-0] INFO  o.e.m.c.i.e.AbstractTransferListenerAdapter - Downloaded https://repo.maven.apache.org/maven2/org/slf4j/slf4j-api/1.7.36/slf4j-api-1.7.36.jar
2025-10-31 14:38:52,827 [Worker-33: Update Maven projects configuration] INFO  o.e.m.c.i.l.LifecycleMappingFactory - Using org.eclipse.m2e.jdt.JarLifecycleMapping lifecycle mapping for MavenProject: io.github.unlp-oo:archetype:0.0.1-SNAPSHOT @ C:\Users\alva_\git\OBJ1\OO12025\ejercicio11-cuentaConGanchos\pom.xml.
2025-10-31 14:38:53,118 [Worker-33: Update Maven projects configuration] INFO  o.e.m.c.i.e.AbstractTransferListenerAdapter - Downloading https://repo.maven.apache.org/maven2/org/apache/maven/plugins/maven-resources-plugin/3.3.1/maven-resources-plugin-3.3.1.pom
2025-10-31 14:38:53,184 [Worker-33: Update Maven projects configuration] INFO  o.e.m.c.i.e.AbstractTransferListenerAdapter - Downloaded https://repo.maven.apache.org/maven2/org/apache/maven/plugins/maven-resources-plugin/3.3.1/maven-resources-plugin-3.3.1.pom
2025-10-31 14:38:53,277 [Worker-33: Update Maven projects configuration] INFO  o.e.m.c.i.e.AbstractTransferListenerAdapter - Downloading https://repo.maven.apache.org/maven2/org/apache/maven/plugins/maven-plugins/39/maven-plugins-39.pom
2025-10-31 14:38:53,320 [Worker-33: Update Maven projects configuration] INFO  o.e.m.c.i.e.AbstractTransferListenerAdapter - Downloaded https://repo.maven.apache.org/maven2/org/apache/maven/plugins/maven-plugins/39/maven-plugins-39.pom
2025-10-31 14:38:53,378 [Worker-33: Update Maven projects configuration] INFO  o.e.m.c.i.e.AbstractTransferListenerAdapter - Downloading https://repo.maven.apache.org/maven2/org/apache/maven/plugins/maven-jar-plugin/3.4.1/maven-jar-plugin-3.4.1.pom
2025-10-31 14:38:53,423 [Worker-33: Update Maven projects configuration] INFO  o.e.m.c.i.e.AbstractTransferListenerAdapter - Downloaded https://repo.maven.apache.org/maven2/org/apache/maven/plugins/maven-jar-plugin/3.4.1/maven-jar-plugin-3.4.1.pom
2025-10-31 14:38:53,467 [Worker-33: Update Maven projects configuration] INFO  o.e.m.c.i.e.AbstractTransferListenerAdapter - Downloading https://repo.maven.apache.org/maven2/org/apache/maven/plugins/maven-plugins/42/maven-plugins-42.pom
2025-10-31 14:38:53,524 [Worker-33: Update Maven projects configuration] INFO  o.e.m.c.i.e.AbstractTransferListenerAdapter - Downloaded https://repo.maven.apache.org/maven2/org/apache/maven/plugins/maven-plugins/42/maven-plugins-42.pom
2025-10-31 14:38:53,567 [Worker-33: Update Maven projects configuration] INFO  o.e.m.c.i.e.AbstractTransferListenerAdapter - Downloading https://repo.maven.apache.org/maven2/org/apache/maven/maven-parent/42/maven-parent-42.pom
2025-10-31 14:38:53,622 [Worker-33: Update Maven projects configuration] INFO  o.e.m.c.i.e.AbstractTransferListenerAdapter - Downloaded https://repo.maven.apache.org/maven2/org/apache/maven/maven-parent/42/maven-parent-42.pom
2025-10-31 14:38:53,688 [Worker-33: Update Maven projects configuration] INFO  o.e.m.c.i.e.AbstractTransferListenerAdapter - Downloading https://repo.maven.apache.org/maven2/org/apache/apache/32/apache-32.pom
2025-10-31 14:38:53,707 [Worker-32: Building] INFO  o.e.m.c.i.l.LifecycleMappingFactory - Using org.eclipse.m2e.jdt.JarLifecycleMapping lifecycle mapping for MavenProject: ar.edu.unlp.info.oo1:ParcialExcursiones:0.0.1-SNAPSHOT @ C:\Users\alva_\git\OBJ1\OO12025\ParcialExcursiones\pom.xml.
2025-10-31 14:38:53,754 [Worker-33: Update Maven projects configuration] INFO  o.e.m.c.i.e.AbstractTransferListenerAdapter - Downloaded https://repo.maven.apache.org/maven2/org/apache/apache/32/apache-32.pom
2025-10-31 14:38:53,880 [Worker-32: Building] INFO  o.e.m.c.i.e.AbstractTransferListenerAdapter - Downloading https://repo.maven.apache.org/maven2/org/codehaus/plexus/plexus-interpolation/1.26/plexus-interpolation-1.26.pom
2025-10-31 14:38:53,919 [Worker-32: Building] INFO  o.e.m.c.i.e.AbstractTransferListenerAdapter - Downloaded https://repo.maven.apache.org/maven2/org/codehaus/plexus/plexus-interpolation/1.26/plexus-interpolation-1.26.pom
2025-10-31 14:38:53,987 [Worker-32: Building] INFO  o.e.m.c.i.e.AbstractTransferListenerAdapter - Downloading https://repo.maven.apache.org/maven2/org/codehaus/plexus/plexus/5.1/plexus-5.1.pom
2025-10-31 14:38:54,019 [Worker-32: Building] INFO  o.e.m.c.i.e.AbstractTransferListenerAdapter - Downloaded https://repo.maven.apache.org/maven2/org/codehaus/plexus/plexus/5.1/plexus-5.1.pom
2025-10-31 14:38:54,075 [Worker-32: Building] INFO  o.e.m.c.i.e.AbstractTransferListenerAdapter - Downloading https://repo.maven.apache.org/maven2/org/codehaus/plexus/plexus-utils/3.5.1/plexus-utils-3.5.1.pom
2025-10-31 14:38:54,117 [Worker-32: Building] INFO  o.e.m.c.i.e.AbstractTransferListenerAdapter - Downloaded https://repo.maven.apache.org/maven2/org/codehaus/plexus/plexus-utils/3.5.1/plexus-utils-3.5.1.pom
2025-10-31 14:38:54,168 [Worker-32: Building] INFO  o.e.m.c.i.e.AbstractTransferListenerAdapter - Downloading https://repo.maven.apache.org/maven2/org/codehaus/plexus/plexus/10/plexus-10.pom
2025-10-31 14:38:54,204 [Worker-32: Building] INFO  o.e.m.c.i.e.AbstractTransferListenerAdapter - Downloaded https://repo.maven.apache.org/maven2/org/codehaus/plexus/plexus/10/plexus-10.pom
2025-10-31 14:38:54,263 [Worker-32: Building] INFO  o.e.m.c.i.e.AbstractTransferListenerAdapter - Downloading https://repo.maven.apache.org/maven2/org/apache/maven/shared/maven-filtering/3.3.1/maven-filtering-3.3.1.pom
2025-10-31 14:38:54,296 [Worker-32: Building] INFO  o.e.m.c.i.e.AbstractTransferListenerAdapter - Downloaded https://repo.maven.apache.org/maven2/org/apache/maven/shared/maven-filtering/3.3.1/maven-filtering-3.3.1.pom
2025-10-31 14:38:54,360 [Worker-32: Building] INFO  o.e.m.c.i.e.AbstractTransferListenerAdapter - Downloading https://repo.maven.apache.org/maven2/org/sonatype/plexus/plexus-build-api/0.0.7/plexus-build-api-0.0.7.pom
2025-10-31 14:38:54,391 [Worker-32: Building] INFO  o.e.m.c.i.e.AbstractTransferListenerAdapter - Downloaded https://repo.maven.apache.org/maven2/org/sonatype/plexus/plexus-build-api/0.0.7/plexus-build-api-0.0.7.pom
2025-10-31 14:38:54,454 [Worker-32: Building] INFO  o.e.m.c.i.e.AbstractTransferListenerAdapter - Downloading https://repo.maven.apache.org/maven2/org/sonatype/spice/spice-parent/15/spice-parent-15.pom
2025-10-31 14:38:54,486 [Worker-32: Building] INFO  o.e.m.c.i.e.AbstractTransferListenerAdapter - Downloaded https://repo.maven.apache.org/maven2/org/sonatype/spice/spice-parent/15/spice-parent-15.pom
2025-10-31 14:38:54,536 [Worker-32: Building] INFO  o.e.m.c.i.e.AbstractTransferListenerAdapter - Downloading https://repo.maven.apache.org/maven2/org/sonatype/forge/forge-parent/5/forge-parent-5.pom
2025-10-31 14:38:54,572 [Worker-32: Building] INFO  o.e.m.c.i.e.AbstractTransferListenerAdapter - Downloaded https://repo.maven.apache.org/maven2/org/sonatype/forge/forge-parent/5/forge-parent-5.pom
2025-10-31 14:38:54,626 [Worker-32: Building] INFO  o.e.m.c.i.e.AbstractTransferListenerAdapter - Downloading https://repo.maven.apache.org/maven2/org/codehaus/plexus/plexus-utils/3.5.0/plexus-utils-3.5.0.pom
2025-10-31 14:38:54,661 [Worker-32: Building] INFO  o.e.m.c.i.e.AbstractTransferListenerAdapter - Downloaded https://repo.maven.apache.org/maven2/org/codehaus/plexus/plexus-utils/3.5.0/plexus-utils-3.5.0.pom
2025-10-31 14:38:54,712 [Worker-32: Building] INFO  o.e.m.c.i.e.AbstractTransferListenerAdapter - Downloading https://repo.maven.apache.org/maven2/org/apache/commons/commons-lang3/3.12.0/commons-lang3-3.12.0.pom
2025-10-31 14:38:54,753 [Worker-32: Building] INFO  o.e.m.c.i.e.AbstractTransferListenerAdapter - Downloaded https://repo.maven.apache.org/maven2/org/apache/commons/commons-lang3/3.12.0/commons-lang3-3.12.0.pom
2025-10-31 14:38:54,820 [Worker-32: Building] INFO  o.e.m.c.i.e.AbstractTransferListenerAdapter - Downloading https://repo.maven.apache.org/maven2/org/junit/junit-bom/5.7.1/junit-bom-5.7.1.pom
2025-10-31 14:38:54,852 [Worker-32: Building] INFO  o.e.m.c.i.e.AbstractTransferListenerAdapter - Downloaded https://repo.maven.apache.org/maven2/org/junit/junit-bom/5.7.1/junit-bom-5.7.1.pom
2025-10-31 14:38:54,908 [Worker-32: Building] INFO  o.e.m.c.i.e.AbstractTransferListenerAdapter - Downloading https://repo.maven.apache.org/maven2/org/codehaus/plexus/plexus-interpolation/1.26/plexus-interpolation-1.26.jar
2025-10-31 14:38:54,953 [Worker-32: Building] INFO  o.e.m.c.i.e.AbstractTransferListenerAdapter - Downloaded https://repo.maven.apache.org/maven2/org/codehaus/plexus/plexus-interpolation/1.26/plexus-interpolation-1.26.jar
2025-10-31 14:38:54,980 [BasicRepositoryConnector-repo.maven.apache.org-1-2] INFO  o.e.m.c.i.e.AbstractTransferListenerAdapter - Downloading https://repo.maven.apache.org/maven2/org/sonatype/plexus/plexus-build-api/0.0.7/plexus-build-api-0.0.7.jar
2025-10-31 14:38:55,007 [BasicRepositoryConnector-repo.maven.apache.org-1-0] INFO  o.e.m.c.i.e.AbstractTransferListenerAdapter - Downloading https://repo.maven.apache.org/maven2/org/codehaus/plexus/plexus-utils/3.5.1/plexus-utils-3.5.1.jar
2025-10-31 14:38:55,008 [BasicRepositoryConnector-repo.maven.apache.org-1-1] INFO  o.e.m.c.i.e.AbstractTransferListenerAdapter - Downloading https://repo.maven.apache.org/maven2/org/apache/maven/shared/maven-filtering/3.3.1/maven-filtering-3.3.1.jar
2025-10-31 14:38:55,014 [BasicRepositoryConnector-repo.maven.apache.org-1-3] INFO  o.e.m.c.i.e.AbstractTransferListenerAdapter - Downloading https://repo.maven.apache.org/maven2/org/apache/commons/commons-lang3/3.12.0/commons-lang3-3.12.0.jar
2025-10-31 14:38:55,072 [BasicRepositoryConnector-repo.maven.apache.org-1-1] INFO  o.e.m.c.i.e.AbstractTransferListenerAdapter - Downloaded https://repo.maven.apache.org/maven2/org/apache/maven/shared/maven-filtering/3.3.1/maven-filtering-3.3.1.jar
2025-10-31 14:38:55,099 [BasicRepositoryConnector-repo.maven.apache.org-1-0] INFO  o.e.m.c.i.e.AbstractTransferListenerAdapter - Downloaded https://repo.maven.apache.org/maven2/org/codehaus/plexus/plexus-utils/3.5.1/plexus-utils-3.5.1.jar
2025-10-31 14:38:55,122 [BasicRepositoryConnector-repo.maven.apache.org-1-3] INFO  o.e.m.c.i.e.AbstractTransferListenerAdapter - Downloaded https://repo.maven.apache.org/maven2/org/apache/commons/commons-lang3/3.12.0/commons-lang3-3.12.0.jar
2025-10-31 14:38:55,230 [BasicRepositoryConnector-repo.maven.apache.org-1-2] INFO  o.e.m.c.i.e.AbstractTransferListenerAdapter - Downloaded https://repo.maven.apache.org/maven2/org/sonatype/plexus/plexus-build-api/0.0.7/plexus-build-api-0.0.7.jar
2025-10-31 14:38:55,316 [Worker-32: Building] INFO  o.a.m.s.f.DefaultMavenResourcesFiltering - skip non existing resourceDirectory C:\Users\alva_\git\OBJ1\OO12025\ParcialExcursiones\src\main\resources
2025-10-31 14:38:55,323 [Worker-32: Building] INFO  o.a.m.s.f.DefaultMavenResourcesFiltering - skip non existing resourceDirectory C:\Users\alva_\git\OBJ1\OO12025\ParcialExcursiones\src\test\resources
2025-10-31 14:38:55,360 [Worker-32: Building] INFO  o.e.m.c.i.e.AbstractTransferListenerAdapter - Downloading https://repo.maven.apache.org/maven2/org/apache/maven/plugins/maven-surefire-plugin/2.22.2/maven-surefire-plugin-2.22.2.pom
2025-10-31 14:38:55,399 [Worker-32: Building] INFO  o.e.m.c.i.e.AbstractTransferListenerAdapter - Downloaded https://repo.maven.apache.org/maven2/org/apache/maven/plugins/maven-surefire-plugin/2.22.2/maven-surefire-plugin-2.22.2.pom
2025-10-31 14:38:55,441 [Worker-32: Building] INFO  o.e.m.c.i.e.AbstractTransferListenerAdapter - Downloading https://repo.maven.apache.org/maven2/org/apache/maven/surefire/surefire/2.22.2/surefire-2.22.2.pom
2025-10-31 14:38:55,477 [Worker-32: Building] INFO  o.e.m.c.i.e.AbstractTransferListenerAdapter - Downloaded https://repo.maven.apache.org/maven2/org/apache/maven/surefire/surefire/2.22.2/surefire-2.22.2.pom
2025-10-31 14:38:55,615 [Worker-32: Building] INFO  o.e.m.c.i.e.AbstractTransferListenerAdapter - Downloading https://repo.maven.apache.org/maven2/org/apache/maven/shared/file-management/3.1.0/file-management-3.1.0.pom
2025-10-31 14:38:55,646 [Worker-32: Building] INFO  o.e.m.c.i.e.AbstractTransferListenerAdapter - Downloaded https://repo.maven.apache.org/maven2/org/apache/maven/shared/file-management/3.1.0/file-management-3.1.0.pom
2025-10-31 14:38:55,690 [Worker-32: Building] INFO  o.e.m.c.i.e.AbstractTransferListenerAdapter - Downloading https://repo.maven.apache.org/maven2/org/apache/maven/shared/maven-shared-components/36/maven-shared-components-36.pom
2025-10-31 14:38:55,736 [Worker-32: Building] INFO  o.e.m.c.i.e.AbstractTransferListenerAdapter - Downloaded https://repo.maven.apache.org/maven2/org/apache/maven/shared/maven-shared-components/36/maven-shared-components-36.pom
2025-10-31 14:38:55,775 [Worker-32: Building] INFO  o.e.m.c.i.e.AbstractTransferListenerAdapter - Downloading https://repo.maven.apache.org/maven2/org/apache/maven/maven-parent/36/maven-parent-36.pom
2025-10-31 14:38:55,810 [Worker-32: Building] INFO  o.e.m.c.i.e.AbstractTransferListenerAdapter - Downloaded https://repo.maven.apache.org/maven2/org/apache/maven/maven-parent/36/maven-parent-36.pom
2025-10-31 14:38:55,862 [Worker-32: Building] INFO  o.e.m.c.i.e.AbstractTransferListenerAdapter - Downloading https://repo.maven.apache.org/maven2/org/apache/apache/26/apache-26.pom
2025-10-31 14:38:55,907 [Worker-32: Building] INFO  o.e.m.c.i.e.AbstractTransferListenerAdapter - Downloaded https://repo.maven.apache.org/maven2/org/apache/apache/26/apache-26.pom
2025-10-31 14:38:55,962 [Worker-32: Building] INFO  o.e.m.c.i.e.AbstractTransferListenerAdapter - Downloading https://repo.maven.apache.org/maven2/org/codehaus/plexus/plexus-utils/4.0.1/plexus-utils-4.0.1.pom
2025-10-31 14:38:55,991 [Worker-32: Building] INFO  o.e.m.c.i.e.AbstractTransferListenerAdapter - Downloaded https://repo.maven.apache.org/maven2/org/codehaus/plexus/plexus-utils/4.0.1/plexus-utils-4.0.1.pom
2025-10-31 14:38:56,040 [Worker-32: Building] INFO  o.e.m.c.i.e.AbstractTransferListenerAdapter - Downloading https://repo.maven.apache.org/maven2/commons-io/commons-io/2.16.1/commons-io-2.16.1.pom
2025-10-31 14:38:56,073 [Worker-32: Building] INFO  o.e.m.c.i.e.AbstractTransferListenerAdapter - Downloaded https://repo.maven.apache.org/maven2/commons-io/commons-io/2.16.1/commons-io-2.16.1.pom
2025-10-31 14:38:56,129 [Worker-32: Building] INFO  o.e.m.c.i.e.AbstractTransferListenerAdapter - Downloading https://repo.maven.apache.org/maven2/org/apache/commons/commons-parent/69/commons-parent-69.pom
2025-10-31 14:38:56,167 [Worker-32: Building] INFO  o.e.m.c.i.e.AbstractTransferListenerAdapter - Downloaded https://repo.maven.apache.org/maven2/org/apache/commons/commons-parent/69/commons-parent-69.pom
2025-10-31 14:38:56,227 [Worker-32: Building] INFO  o.e.m.c.i.e.AbstractTransferListenerAdapter - Downloading https://repo.maven.apache.org/maven2/org/apache/maven/maven-archiver/3.6.2/maven-archiver-3.6.2.pom
2025-10-31 14:38:56,261 [Worker-32: Building] INFO  o.e.m.c.i.e.AbstractTransferListenerAdapter - Downloaded https://repo.maven.apache.org/maven2/org/apache/maven/maven-archiver/3.6.2/maven-archiver-3.6.2.pom
2025-10-31 14:38:56,305 [Worker-32: Building] INFO  o.e.m.c.i.e.AbstractTransferListenerAdapter - Downloading https://repo.maven.apache.org/maven2/org/apache/maven/shared/maven-shared-components/41/maven-shared-components-41.pom
2025-10-31 14:38:56,338 [Worker-32: Building] INFO  o.e.m.c.i.e.AbstractTransferListenerAdapter - Downloaded https://repo.maven.apache.org/maven2/org/apache/maven/shared/maven-shared-components/41/maven-shared-components-41.pom
2025-10-31 14:38:56,388 [Worker-32: Building] INFO  o.e.m.c.i.e.AbstractTransferListenerAdapter - Downloading https://repo.maven.apache.org/maven2/org/codehaus/plexus/plexus-archiver/4.9.2/plexus-archiver-4.9.2.pom
2025-10-31 14:38:56,419 [Worker-32: Building] INFO  o.e.m.c.i.e.AbstractTransferListenerAdapter - Downloaded https://repo.maven.apache.org/maven2/org/codehaus/plexus/plexus-archiver/4.9.2/plexus-archiver-4.9.2.pom
2025-10-31 14:38:56,463 [Worker-32: Building] INFO  o.e.m.c.i.e.AbstractTransferListenerAdapter - Downloading https://repo.maven.apache.org/maven2/org/codehaus/plexus/plexus-io/3.4.2/plexus-io-3.4.2.pom
2025-10-31 14:38:56,495 [Worker-32: Building] INFO  o.e.m.c.i.e.AbstractTransferListenerAdapter - Downloaded https://repo.maven.apache.org/maven2/org/codehaus/plexus/plexus-io/3.4.2/plexus-io-3.4.2.pom
2025-10-31 14:38:56,538 [Worker-32: Building] INFO  o.e.m.c.i.e.AbstractTransferListenerAdapter - Downloading https://repo.maven.apache.org/maven2/org/codehaus/plexus/plexus/16/plexus-16.pom
2025-10-31 14:38:56,576 [Worker-32: Building] INFO  o.e.m.c.i.e.AbstractTransferListenerAdapter - Downloaded https://repo.maven.apache.org/maven2/org/codehaus/plexus/plexus/16/plexus-16.pom
2025-10-31 14:38:56,632 [Worker-32: Building] INFO  o.e.m.c.i.e.AbstractTransferListenerAdapter - Downloading https://repo.maven.apache.org/maven2/org/junit/junit-bom/5.10.1/junit-bom-5.10.1.pom
2025-10-31 14:38:56,664 [Worker-32: Building] INFO  o.e.m.c.i.e.AbstractTransferListenerAdapter - Downloaded https://repo.maven.apache.org/maven2/org/junit/junit-bom/5.10.1/junit-bom-5.10.1.pom
2025-10-31 14:38:56,703 [Worker-32: Building] INFO  o.e.m.c.i.e.AbstractTransferListenerAdapter - Downloading https://repo.maven.apache.org/maven2/org/apache/commons/commons-compress/1.26.1/commons-compress-1.26.1.pom
2025-10-31 14:38:56,739 [Worker-32: Building] INFO  o.e.m.c.i.e.AbstractTransferListenerAdapter - Downloaded https://repo.maven.apache.org/maven2/org/apache/commons/commons-compress/1.26.1/commons-compress-1.26.1.pom
2025-10-31 14:38:56,824 [Worker-32: Building] INFO  o.e.m.c.i.e.AbstractTransferListenerAdapter - Downloading https://repo.maven.apache.org/maven2/org/apache/commons/commons-parent/66/commons-parent-66.pom
2025-10-31 14:38:56,864 [Worker-32: Building] INFO  o.e.m.c.i.e.AbstractTransferListenerAdapter - Downloaded https://repo.maven.apache.org/maven2/org/apache/commons/commons-parent/66/commons-parent-66.pom
2025-10-31 14:38:56,917 [Worker-32: Building] INFO  o.e.m.c.i.e.AbstractTransferListenerAdapter - Downloading https://repo.maven.apache.org/maven2/commons-codec/commons-codec/1.16.1/commons-codec-1.16.1.pom
2025-10-31 14:38:56,955 [Worker-32: Building] INFO  o.e.m.c.i.e.AbstractTransferListenerAdapter - Downloaded https://repo.maven.apache.org/maven2/commons-codec/commons-codec/1.16.1/commons-codec-1.16.1.pom
2025-10-31 14:38:57,008 [Worker-32: Building] INFO  o.e.m.c.i.e.AbstractTransferListenerAdapter - Downloading https://repo.maven.apache.org/maven2/org/apache/commons/commons-lang3/3.14.0/commons-lang3-3.14.0.pom
2025-10-31 14:38:57,050 [Worker-32: Building] INFO  o.e.m.c.i.e.AbstractTransferListenerAdapter - Downloaded https://repo.maven.apache.org/maven2/org/apache/commons/commons-lang3/3.14.0/commons-lang3-3.14.0.pom
2025-10-31 14:38:57,100 [Worker-32: Building] INFO  o.e.m.c.i.e.AbstractTransferListenerAdapter - Downloading https://repo.maven.apache.org/maven2/org/apache/commons/commons-parent/64/commons-parent-64.pom
2025-10-31 14:38:57,140 [Worker-32: Building] INFO  o.e.m.c.i.e.AbstractTransferListenerAdapter - Downloaded https://repo.maven.apache.org/maven2/org/apache/commons/commons-parent/64/commons-parent-64.pom
2025-10-31 14:38:57,195 [Worker-32: Building] INFO  o.e.m.c.i.e.AbstractTransferListenerAdapter - Downloading https://repo.maven.apache.org/maven2/org/apache/apache/30/apache-30.pom
2025-10-31 14:38:57,231 [Worker-32: Building] INFO  o.e.m.c.i.e.AbstractTransferListenerAdapter - Downloaded https://repo.maven.apache.org/maven2/org/apache/apache/30/apache-30.pom
2025-10-31 14:38:57,349 [Worker-32: Building] INFO  o.e.m.c.i.e.AbstractTransferListenerAdapter - Downloading https://repo.maven.apache.org/maven2/org/iq80/snappy/snappy/0.4/snappy-0.4.pom
2025-10-31 14:38:57,381 [Worker-32: Building] INFO  o.e.m.c.i.e.AbstractTransferListenerAdapter - Downloaded https://repo.maven.apache.org/maven2/org/iq80/snappy/snappy/0.4/snappy-0.4.pom
2025-10-31 14:38:57,430 [Worker-32: Building] INFO  o.e.m.c.i.e.AbstractTransferListenerAdapter - Downloading https://repo.maven.apache.org/maven2/org/tukaani/xz/1.9/xz-1.9.pom
2025-10-31 14:38:57,464 [Worker-32: Building] INFO  o.e.m.c.i.e.AbstractTransferListenerAdapter - Downloaded https://repo.maven.apache.org/maven2/org/tukaani/xz/1.9/xz-1.9.pom
2025-10-31 14:38:57,509 [Worker-32: Building] INFO  o.e.m.c.i.e.AbstractTransferListenerAdapter - Downloading https://repo.maven.apache.org/maven2/com/github/luben/zstd-jni/1.5.5-11/zstd-jni-1.5.5-11.pom
2025-10-31 14:38:57,540 [Worker-32: Building] INFO  o.e.m.c.i.e.AbstractTransferListenerAdapter - Downloaded https://repo.maven.apache.org/maven2/com/github/luben/zstd-jni/1.5.5-11/zstd-jni-1.5.5-11.pom
2025-10-31 14:38:57,582 [Worker-32: Building] INFO  o.e.m.c.i.e.AbstractTransferListenerAdapter - Downloading https://repo.maven.apache.org/maven2/org/codehaus/plexus/plexus-interpolation/1.27/plexus-interpolation-1.27.pom
2025-10-31 14:38:57,616 [Worker-32: Building] INFO  o.e.m.c.i.e.AbstractTransferListenerAdapter - Downloaded https://repo.maven.apache.org/maven2/org/codehaus/plexus/plexus-interpolation/1.27/plexus-interpolation-1.27.pom
2025-10-31 14:38:57,671 [Worker-32: Building] INFO  o.e.m.c.i.e.AbstractTransferListenerAdapter - Downloading https://repo.maven.apache.org/maven2/org/apache/maven/shared/file-management/3.1.0/file-management-3.1.0.jar
2025-10-31 14:38:58,183 [Worker-32: Building] INFO  o.e.m.c.i.e.AbstractTransferListenerAdapter - Downloaded https://repo.maven.apache.org/maven2/org/apache/maven/shared/file-management/3.1.0/file-management-3.1.0.jar
2025-10-31 14:38:58,214 [BasicRepositoryConnector-repo.maven.apache.org-2-1] INFO  o.e.m.c.i.e.AbstractTransferListenerAdapter - Downloading https://repo.maven.apache.org/maven2/org/apache/maven/maven-archiver/3.6.2/maven-archiver-3.6.2.jar
2025-10-31 14:38:58,216 [BasicRepositoryConnector-repo.maven.apache.org-2-0] INFO  o.e.m.c.i.e.AbstractTransferListenerAdapter - Downloading https://repo.maven.apache.org/maven2/commons-io/commons-io/2.16.1/commons-io-2.16.1.jar
2025-10-31 14:38:58,234 [BasicRepositoryConnector-repo.maven.apache.org-2-3] INFO  o.e.m.c.i.e.AbstractTransferListenerAdapter - Downloading https://repo.maven.apache.org/maven2/org/codehaus/plexus/plexus-utils/4.0.1/plexus-utils-4.0.1.jar
2025-10-31 14:38:58,237 [BasicRepositoryConnector-repo.maven.apache.org-2-2] INFO  o.e.m.c.i.e.AbstractTransferListenerAdapter - Downloading https://repo.maven.apache.org/maven2/org/codehaus/plexus/plexus-interpolation/1.27/plexus-interpolation-1.27.jar
2025-10-31 14:38:58,242 [BasicRepositoryConnector-repo.maven.apache.org-2-4] INFO  o.e.m.c.i.e.AbstractTransferListenerAdapter - Downloading https://repo.maven.apache.org/maven2/org/codehaus/plexus/plexus-archiver/4.9.2/plexus-archiver-4.9.2.jar
2025-10-31 14:38:58,329 [BasicRepositoryConnector-repo.maven.apache.org-2-0] INFO  o.e.m.c.i.e.AbstractTransferListenerAdapter - Downloaded https://repo.maven.apache.org/maven2/commons-io/commons-io/2.16.1/commons-io-2.16.1.jar
2025-10-31 14:38:58,333 [BasicRepositoryConnector-repo.maven.apache.org-2-2] INFO  o.e.m.c.i.e.AbstractTransferListenerAdapter - Downloaded https://repo.maven.apache.org/maven2/org/codehaus/plexus/plexus-interpolation/1.27/plexus-interpolation-1.27.jar
2025-10-31 14:38:58,337 [BasicRepositoryConnector-repo.maven.apache.org-2-3] INFO  o.e.m.c.i.e.AbstractTransferListenerAdapter - Downloaded https://repo.maven.apache.org/maven2/org/codehaus/plexus/plexus-utils/4.0.1/plexus-utils-4.0.1.jar
2025-10-31 14:38:58,359 [BasicRepositoryConnector-repo.maven.apache.org-2-4] INFO  o.e.m.c.i.e.AbstractTransferListenerAdapter - Downloaded https://repo.maven.apache.org/maven2/org/codehaus/plexus/plexus-archiver/4.9.2/plexus-archiver-4.9.2.jar
2025-10-31 14:38:58,363 [BasicRepositoryConnector-repo.maven.apache.org-2-0] INFO  o.e.m.c.i.e.AbstractTransferListenerAdapter - Downloading https://repo.maven.apache.org/maven2/org/codehaus/plexus/plexus-io/3.4.2/plexus-io-3.4.2.jar
2025-10-31 14:38:58,381 [BasicRepositoryConnector-repo.maven.apache.org-2-3] INFO  o.e.m.c.i.e.AbstractTransferListenerAdapter - Downloading https://repo.maven.apache.org/maven2/org/apache/commons/commons-lang3/3.14.0/commons-lang3-3.14.0.jar
2025-10-31 14:38:58,381 [BasicRepositoryConnector-repo.maven.apache.org-2-2] INFO  o.e.m.c.i.e.AbstractTransferListenerAdapter - Downloading https://repo.maven.apache.org/maven2/org/apache/commons/commons-compress/1.26.1/commons-compress-1.26.1.jar
2025-10-31 14:38:58,415 [BasicRepositoryConnector-repo.maven.apache.org-2-4] INFO  o.e.m.c.i.e.AbstractTransferListenerAdapter - Downloading https://repo.maven.apache.org/maven2/commons-codec/commons-codec/1.16.1/commons-codec-1.16.1.jar
2025-10-31 14:38:58,463 [BasicRepositoryConnector-repo.maven.apache.org-2-0] INFO  o.e.m.c.i.e.AbstractTransferListenerAdapter - Downloaded https://repo.maven.apache.org/maven2/org/codehaus/plexus/plexus-io/3.4.2/plexus-io-3.4.2.jar
2025-10-31 14:38:58,511 [BasicRepositoryConnector-repo.maven.apache.org-2-0] INFO  o.e.m.c.i.e.AbstractTransferListenerAdapter - Downloading https://repo.maven.apache.org/maven2/org/iq80/snappy/snappy/0.4/snappy-0.4.jar
2025-10-31 14:38:58,516 [BasicRepositoryConnector-repo.maven.apache.org-2-4] INFO  o.e.m.c.i.e.AbstractTransferListenerAdapter - Downloaded https://repo.maven.apache.org/maven2/commons-codec/commons-codec/1.16.1/commons-codec-1.16.1.jar
2025-10-31 14:38:58,537 [BasicRepositoryConnector-repo.maven.apache.org-2-3] INFO  o.e.m.c.i.e.AbstractTransferListenerAdapter - Downloaded https://repo.maven.apache.org/maven2/org/apache/commons/commons-lang3/3.14.0/commons-lang3-3.14.0.jar
2025-10-31 14:38:58,555 [BasicRepositoryConnector-repo.maven.apache.org-2-4] INFO  o.e.m.c.i.e.AbstractTransferListenerAdapter - Downloading https://repo.maven.apache.org/maven2/org/tukaani/xz/1.9/xz-1.9.jar
2025-10-31 14:38:58,576 [BasicRepositoryConnector-repo.maven.apache.org-2-2] INFO  o.e.m.c.i.e.AbstractTransferListenerAdapter - Downloaded https://repo.maven.apache.org/maven2/org/apache/commons/commons-compress/1.26.1/commons-compress-1.26.1.jar
2025-10-31 14:38:58,596 [BasicRepositoryConnector-repo.maven.apache.org-2-3] INFO  o.e.m.c.i.e.AbstractTransferListenerAdapter - Downloading https://repo.maven.apache.org/maven2/com/github/luben/zstd-jni/1.5.5-11/zstd-jni-1.5.5-11.jar
2025-10-31 14:38:58,630 [BasicRepositoryConnector-repo.maven.apache.org-2-0] INFO  o.e.m.c.i.e.AbstractTransferListenerAdapter - Downloaded https://repo.maven.apache.org/maven2/org/iq80/snappy/snappy/0.4/snappy-0.4.jar
2025-10-31 14:38:58,634 [BasicRepositoryConnector-repo.maven.apache.org-2-4] INFO  o.e.m.c.i.e.AbstractTransferListenerAdapter - Downloaded https://repo.maven.apache.org/maven2/org/tukaani/xz/1.9/xz-1.9.jar
2025-10-31 14:38:58,742 [BasicRepositoryConnector-repo.maven.apache.org-2-1] INFO  o.e.m.c.i.e.AbstractTransferListenerAdapter - Downloaded https://repo.maven.apache.org/maven2/org/apache/maven/maven-archiver/3.6.2/maven-archiver-3.6.2.jar
2025-10-31 14:38:58,898 [BasicRepositoryConnector-repo.maven.apache.org-2-3] INFO  o.e.m.c.i.e.AbstractTransferListenerAdapter - Downloaded https://repo.maven.apache.org/maven2/com/github/luben/zstd-jni/1.5.5-11/zstd-jni-1.5.5-11.jar
2025-10-31 14:38:59,487 [Worker-33: Update Maven projects configuration] INFO  o.e.m.j.i.AbstractJavaProjectConfigurator - Adding source folder /ejercicio11-cuentaConGanchos/src/main/java
2025-10-31 14:38:59,490 [Worker-33: Update Maven projects configuration] INFO  o.e.m.j.i.AbstractJavaProjectConfigurator - Adding resource folder /ejercicio11-cuentaConGanchos/src/main/resources
2025-10-31 14:38:59,513 [Worker-33: Update Maven projects configuration] INFO  o.e.m.j.i.AbstractJavaProjectConfigurator - Adding source folder /ejercicio11-cuentaConGanchos/src/test/java
2025-10-31 14:38:59,515 [Worker-33: Update Maven projects configuration] INFO  o.e.m.j.i.AbstractJavaProjectConfigurator - Adding resource folder /ejercicio11-cuentaConGanchos/src/test/resources
2025-10-31 14:39:00,633 [Worker-33: Update Maven projects configuration] INFO  o.e.m.c.i.p.ProjectConfigurationManager - Update completed for 1 poms: local refresh takes 0,00 sec, refresh facades takes 8,00 sec, update config takes 7,00 sec 
2025-10-31 14:39:00,636 [Worker-33: Update Maven projects configuration] INFO  o.e.m.c.i.p.ProjectConfigurationManager - Update started
2025-10-31 14:39:01,074 [Worker-33: Update Maven projects configuration] INFO  o.e.m.c.i.e.AbstractTransferListenerAdapter - Downloading https://repo.maven.apache.org/maven2/org/apache/maven/plugins/maven-assembly-plugin/3.7.1/maven-assembly-plugin-3.7.1.jar
2025-10-31 14:39:01,123 [Worker-33: Update Maven projects configuration] INFO  o.e.m.c.i.e.AbstractTransferListenerAdapter - Downloaded https://repo.maven.apache.org/maven2/org/apache/maven/plugins/maven-assembly-plugin/3.7.1/maven-assembly-plugin-3.7.1.jar
2025-10-31 14:39:01,369 [Worker-33: Update Maven projects configuration] INFO  o.e.m.c.i.l.LifecycleMappingFactory - Using org.eclipse.m2e.jdt.JarLifecycleMapping lifecycle mapping for MavenProject: ar.edu.unlp.oo1:ejercicio1-wallpost:1.0.0 @ C:\Users\alva_\git\OBJ1\OO12025\ejercicio1-wallpost\pom.xml.
2025-10-31 14:39:01,461 [Worker-33: Update Maven projects configuration] INFO  o.e.m.c.i.l.LifecycleMappingFactory - Using org.eclipse.m2e.jdt.JarLifecycleMapping lifecycle mapping for MavenProject: ar.edu.unlp.info.oo1:ParcialExcursiones:0.0.1-SNAPSHOT @ C:\Users\alva_\git\OBJ1\OO12025\ParcialExcursiones\pom.xml.
2025-10-31 14:39:01,531 [Worker-33: Update Maven projects configuration] INFO  o.e.m.c.i.l.LifecycleMappingFactory - Using org.eclipse.m2e.jdt.JarLifecycleMapping lifecycle mapping for MavenProject: io.github.unlp-oo:archetype:0.0.1-SNAPSHOT @ C:\Users\alva_\git\OBJ1\OO12025\ejercicio11-cuentaConGanchos\pom.xml.
2025-10-31 14:39:01,599 [Worker-33: Update Maven projects configuration] INFO  o.e.m.c.i.l.LifecycleMappingFactory - Using org.eclipse.m2e.jdt.JarLifecycleMapping lifecycle mapping for MavenProject: ar.edu.unlp.info.oo1:ejercicio2:0.0.1-SNAPSHOT @ C:\Users\alva_\git\OBJ1\OO12025\ejercicio2\pom.xml.
2025-10-31 14:39:01,665 [Worker-33: Update Maven projects configuration] INFO  o.e.m.c.i.l.LifecycleMappingFactory - Using org.eclipse.m2e.jdt.JarLifecycleMapping lifecycle mapping for MavenProject: ar.edu.unlp.info.oo1:ejercicio14-volumenySuperficie:0.0.1-SNAPSHOT @ C:\Users\alva_\git\OBJ1\OO12025\ejercicio14-volumenySuperficie\pom.xml.
2025-10-31 14:39:01,735 [Worker-33: Update Maven projects configuration] INFO  o.e.m.c.i.l.LifecycleMappingFactory - Using org.eclipse.m2e.jdt.JarLifecycleMapping lifecycle mapping for MavenProject: ar.edu.unlp.info.oo1:ejercicio9-redAlumbrado:0.0.1-SNAPSHOT @ C:\Users\alva_\git\OBJ1\OO12025\ejercicio9-redAlumbrado\pom.xml.
2025-10-31 14:39:02,412 [Worker-33: Update Maven projects configuration] INFO  o.e.m.j.i.AbstractJavaProjectConfigurator - Adding source folder /ejercicio1-wallpost/src/main/java
2025-10-31 14:39:02,414 [Worker-33: Update Maven projects configuration] INFO  o.e.m.j.i.AbstractJavaProjectConfigurator - Adding resource folder /ejercicio1-wallpost/src/main/resources
2025-10-31 14:39:02,425 [Worker-33: Update Maven projects configuration] INFO  o.e.m.j.i.AbstractJavaProjectConfigurator - Adding source folder /ejercicio1-wallpost/src/test/java
2025-10-31 14:39:02,427 [Worker-33: Update Maven projects configuration] INFO  o.e.m.j.i.AbstractJavaProjectConfigurator - Adding resource folder /ejercicio1-wallpost/src/test/resources
2025-10-31 14:39:02,701 [Worker-33: Update Maven projects configuration] INFO  o.e.m.j.i.AbstractJavaProjectConfigurator - Adding source folder /ParcialExcursiones/src/main/java
2025-10-31 14:39:02,702 [Worker-33: Update Maven projects configuration] INFO  o.e.m.j.i.AbstractJavaProjectConfigurator - Adding resource folder /ParcialExcursiones/src/main/resources
2025-10-31 14:39:02,732 [Worker-33: Update Maven projects configuration] INFO  o.e.m.j.i.AbstractJavaProjectConfigurator - Adding source folder /ParcialExcursiones/src/test/java
2025-10-31 14:39:02,733 [Worker-33: Update Maven projects configuration] INFO  o.e.m.j.i.AbstractJavaProjectConfigurator - Adding resource folder /ParcialExcursiones/src/test/resources
2025-10-31 14:39:02,939 [Worker-33: Update Maven projects configuration] INFO  o.e.m.j.i.AbstractJavaProjectConfigurator - Adding source folder /ejercicio11-cuentaConGanchos/src/main/java
2025-10-31 14:39:02,942 [Worker-33: Update Maven projects configuration] INFO  o.e.m.j.i.AbstractJavaProjectConfigurator - Adding resource folder /ejercicio11-cuentaConGanchos/src/main/resources
2025-10-31 14:39:02,944 [Worker-33: Update Maven projects configuration] INFO  o.e.m.j.i.AbstractJavaProjectConfigurator - Adding source folder /ejercicio11-cuentaConGanchos/src/test/java
2025-10-31 14:39:02,946 [Worker-33: Update Maven projects configuration] INFO  o.e.m.j.i.AbstractJavaProjectConfigurator - Adding resource folder /ejercicio11-cuentaConGanchos/src/test/resources
2025-10-31 14:39:03,169 [Worker-33: Update Maven projects configuration] INFO  o.e.m.j.i.AbstractJavaProjectConfigurator - Adding source folder /ejercicio2/src/main/java
2025-10-31 14:39:03,171 [Worker-33: Update Maven projects configuration] INFO  o.e.m.j.i.AbstractJavaProjectConfigurator - Adding resource folder /ejercicio2/src/main/resources
2025-10-31 14:39:03,186 [Worker-33: Update Maven projects configuration] INFO  o.e.m.j.i.AbstractJavaProjectConfigurator - Adding source folder /ejercicio2/src/test/java
2025-10-31 14:39:03,188 [Worker-33: Update Maven projects configuration] INFO  o.e.m.j.i.AbstractJavaProjectConfigurator - Adding resource folder /ejercicio2/src/test/resources
2025-10-31 14:39:03,596 [Worker-33: Update Maven projects configuration] INFO  o.e.m.j.i.AbstractJavaProjectConfigurator - Adding source folder /ejercicio14-volumenySuperficie/src/main/java
2025-10-31 14:39:03,598 [Worker-33: Update Maven projects configuration] INFO  o.e.m.j.i.AbstractJavaProjectConfigurator - Adding resource folder /ejercicio14-volumenySuperficie/src/main/resources
2025-10-31 14:39:03,611 [Worker-33: Update Maven projects configuration] INFO  o.e.m.j.i.AbstractJavaProjectConfigurator - Adding source folder /ejercicio14-volumenySuperficie/src/test/java
2025-10-31 14:39:03,612 [Worker-33: Update Maven projects configuration] INFO  o.e.m.j.i.AbstractJavaProjectConfigurator - Adding resource folder /ejercicio14-volumenySuperficie/src/test/resources
2025-10-31 14:39:03,991 [Worker-33: Update Maven projects configuration] INFO  o.e.m.j.i.AbstractJavaProjectConfigurator - Adding source folder /ejercicio9-redAlumbrado/src/main/java
2025-10-31 14:39:03,993 [Worker-33: Update Maven projects configuration] INFO  o.e.m.j.i.AbstractJavaProjectConfigurator - Adding resource folder /ejercicio9-redAlumbrado/src/main/resources
2025-10-31 14:39:04,005 [Worker-33: Update Maven projects configuration] INFO  o.e.m.j.i.AbstractJavaProjectConfigurator - Adding source folder /ejercicio9-redAlumbrado/src/test/java
2025-10-31 14:39:04,007 [Worker-33: Update Maven projects configuration] INFO  o.e.m.j.i.AbstractJavaProjectConfigurator - Adding resource folder /ejercicio9-redAlumbrado/src/test/resources
2025-10-31 14:39:04,185 [Worker-33: Update Maven projects configuration] INFO  o.e.m.c.i.p.ProjectConfigurationManager - Update completed for 6 poms: local refresh takes 0,00 sec, refresh facades takes 1,00 sec, update config takes 2,00 sec 
2025-10-31 14:39:04,616 [Worker-32: Building] INFO  o.a.m.s.f.DefaultMavenResourcesFiltering - skip non existing resourceDirectory C:\Users\alva_\git\OBJ1\OO12025\ParcialExcursiones\src\main\resources
2025-10-31 14:39:04,630 [Worker-32: Building] INFO  o.a.m.s.f.DefaultMavenResourcesFiltering - skip non existing resourceDirectory C:\Users\alva_\git\OBJ1\OO12025\ParcialExcursiones\src\test\resources
2025-10-31 14:39:05,515 [Worker-32: Building] INFO  o.a.m.s.f.DefaultMavenResourcesFiltering - skip non existing resourceDirectory C:\Users\alva_\git\OBJ1\OO12025\ejercicio1-wallpost\src\main\resources
2025-10-31 14:39:05,519 [Worker-32: Building] INFO  o.a.m.s.f.DefaultMavenResourcesFiltering - skip non existing resourceDirectory C:\Users\alva_\git\OBJ1\OO12025\ejercicio1-wallpost\src\test\resources
2025-10-31 14:39:05,590 [Worker-32: Building] INFO  o.e.m.c.i.e.AbstractTransferListenerAdapter - Downloading https://repo.maven.apache.org/maven2/org/apache/maven/plugins/maven-surefire-plugin/3.0.0-M5/maven-surefire-plugin-3.0.0-M5.pom
2025-10-31 14:39:05,637 [Worker-32: Building] INFO  o.e.m.c.i.e.AbstractTransferListenerAdapter - Downloaded https://repo.maven.apache.org/maven2/org/apache/maven/plugins/maven-surefire-plugin/3.0.0-M5/maven-surefire-plugin-3.0.0-M5.pom
2025-10-31 14:39:05,678 [Worker-32: Building] INFO  o.e.m.c.i.e.AbstractTransferListenerAdapter - Downloading https://repo.maven.apache.org/maven2/org/apache/maven/surefire/surefire/3.0.0-M5/surefire-3.0.0-M5.pom
2025-10-31 14:39:05,743 [Worker-32: Building] INFO  o.e.m.c.i.e.AbstractTransferListenerAdapter - Downloaded https://repo.maven.apache.org/maven2/org/apache/maven/surefire/surefire/3.0.0-M5/surefire-3.0.0-M5.pom
2025-10-31 14:39:05,817 [Worker-32: Building] INFO  o.e.m.c.i.e.AbstractTransferListenerAdapter - Downloading https://repo.maven.apache.org/maven2/org/apache/maven/maven-parent/34/maven-parent-34.pom
2025-10-31 14:39:05,882 [Worker-32: Building] INFO  o.e.m.c.i.e.AbstractTransferListenerAdapter - Downloaded https://repo.maven.apache.org/maven2/org/apache/maven/maven-parent/34/maven-parent-34.pom
2025-10-31 14:39:05,967 [Worker-32: Building] INFO  o.e.m.c.i.e.AbstractTransferListenerAdapter - Downloading https://repo.maven.apache.org/maven2/org/apache/maven/plugins/maven-assembly-plugin/3.7.1/maven-assembly-plugin-3.7.1.pom
2025-10-31 14:39:06,033 [Worker-32: Building] INFO  o.e.m.c.i.e.AbstractTransferListenerAdapter - Downloaded https://repo.maven.apache.org/maven2/org/apache/maven/plugins/maven-assembly-plugin/3.7.1/maven-assembly-plugin-3.7.1.pom
2025-10-31 14:39:06,286 [Worker-32: Building] INFO  o.a.m.s.f.DefaultMavenResourcesFiltering - skip non existing resourceDirectory C:\Users\alva_\git\OBJ1\OO12025\ejercicio11-cuentaConGanchos\src\main\resources
2025-10-31 14:39:06,308 [Worker-32: Building] INFO  o.a.m.s.f.DefaultMavenResourcesFiltering - skip non existing resourceDirectory C:\Users\alva_\git\OBJ1\OO12025\ejercicio11-cuentaConGanchos\src\test\resources
2025-10-31 14:39:06,553 [Worker-32: Building] INFO  o.a.m.s.f.DefaultMavenResourcesFiltering - skip non existing resourceDirectory C:\Users\alva_\git\OBJ1\OO12025\ejercicio14-volumenySuperficie\src\main\resources
2025-10-31 14:39:06,557 [Worker-32: Building] INFO  o.a.m.s.f.DefaultMavenResourcesFiltering - skip non existing resourceDirectory C:\Users\alva_\git\OBJ1\OO12025\ejercicio14-volumenySuperficie\src\test\resources
2025-10-31 14:39:06,765 [Worker-32: Building] INFO  o.a.m.s.f.DefaultMavenResourcesFiltering - skip non existing resourceDirectory C:\Users\alva_\git\OBJ1\OO12025\ejercicio2\src\main\resources
2025-10-31 14:39:06,770 [Worker-32: Building] INFO  o.a.m.s.f.DefaultMavenResourcesFiltering - skip non existing resourceDirectory C:\Users\alva_\git\OBJ1\OO12025\ejercicio2\src\test\resources
2025-10-31 14:39:07,037 [Worker-32: Building] INFO  o.a.m.s.f.DefaultMavenResourcesFiltering - skip non existing resourceDirectory C:\Users\alva_\git\OBJ1\OO12025\ejercicio9-redAlumbrado\src\main\resources
2025-10-31 14:39:07,041 [Worker-32: Building] INFO  o.a.m.s.f.DefaultMavenResourcesFiltering - skip non existing resourceDirectory C:\Users\alva_\git\OBJ1\OO12025\ejercicio9-redAlumbrado\src\test\resources
2025-10-31 14:41:15,510 [ModalContext] INFO  o.e.m.c.i.e.AbstractTransferListenerAdapter - Downloading https://repo.maven.apache.org/maven2/io/github/unlp-oo/archetype/1.0.0/archetype-1.0.0.pom
2025-10-31 14:41:15,549 [ModalContext] INFO  o.e.m.c.i.e.AbstractTransferListenerAdapter - Downloaded https://repo.maven.apache.org/maven2/io/github/unlp-oo/archetype/1.0.0/archetype-1.0.0.pom
2025-10-31 14:41:15,838 [ModalContext] INFO  o.e.m.c.i.e.AbstractTransferListenerAdapter - Downloading https://repo.maven.apache.org/maven2/io/github/unlp-oo/archetype/1.0.0/archetype-1.0.0.jar
2025-10-31 14:41:15,984 [ModalContext] INFO  o.e.m.c.i.e.AbstractTransferListenerAdapter - Downloaded https://repo.maven.apache.org/maven2/io/github/unlp-oo/archetype/1.0.0/archetype-1.0.0.jar
2025-10-31 14:43:37,964 [Worker-27: Launching mavenrun-00584cac-fb14-4634-838e-ae23f914baf3] INFO  o.eclipse.m2e.core.internal.Bundles - getClasspathEntries(Bundle=org.eclipse.m2e.maven.runtime_3.9.900.20250220-2013 [299])
2025-10-31 14:43:37,966 [Worker-27: Launching mavenrun-00584cac-fb14-4634-838e-ae23f914baf3] INFO  o.eclipse.m2e.core.internal.Bundles - 	Entry: C:\Users\alva_\.p2\pool\plugins\org.eclipse.m2e.maven.runtime_3.9.900.20250220-2013
2025-10-31 14:43:37,966 [Worker-27: Launching mavenrun-00584cac-fb14-4634-838e-ae23f914baf3] INFO  o.eclipse.m2e.core.internal.Bundles - 	Entry: C:\Users\alva_\.p2\pool\plugins\org.eclipse.m2e.maven.runtime_3.9.900.20250220-2013\jars\aopalliance-1.0.jar
2025-10-31 14:43:37,967 [Worker-27: Launching mavenrun-00584cac-fb14-4634-838e-ae23f914baf3] INFO  o.eclipse.m2e.core.internal.Bundles - 	Entry: C:\Users\alva_\.p2\pool\plugins\org.eclipse.m2e.maven.runtime_3.9.900.20250220-2013\jars\guice-5.1.0.jar
2025-10-31 14:43:37,967 [Worker-27: Launching mavenrun-00584cac-fb14-4634-838e-ae23f914baf3] INFO  o.eclipse.m2e.core.internal.Bundles - 	Entry: C:\Users\alva_\.p2\pool\plugins\org.eclipse.m2e.maven.runtime_3.9.900.20250220-2013\jars\httpclient-4.5.14.jar
2025-10-31 14:43:37,967 [Worker-27: Launching mavenrun-00584cac-fb14-4634-838e-ae23f914baf3] INFO  o.eclipse.m2e.core.internal.Bundles - 	Entry: C:\Users\alva_\.p2\pool\plugins\org.eclipse.m2e.maven.runtime_3.9.900.20250220-2013\jars\httpcore-4.4.16.jar
2025-10-31 14:43:37,967 [Worker-27: Launching mavenrun-00584cac-fb14-4634-838e-ae23f914baf3] INFO  o.eclipse.m2e.core.internal.Bundles - 	Entry: C:\Users\alva_\.p2\pool\plugins\org.eclipse.m2e.maven.runtime_3.9.900.20250220-2013\jars\jansi-2.4.1.jar
2025-10-31 14:43:37,967 [Worker-27: Launching mavenrun-00584cac-fb14-4634-838e-ae23f914baf3] INFO  o.eclipse.m2e.core.internal.Bundles - 	Entry: C:\Users\alva_\.p2\pool\plugins\org.eclipse.m2e.maven.runtime_3.9.900.20250220-2013\jars\jcl-over-slf4j-1.7.36.jar
2025-10-31 14:43:37,968 [Worker-27: Launching mavenrun-00584cac-fb14-4634-838e-ae23f914baf3] INFO  o.eclipse.m2e.core.internal.Bundles - 	Entry: C:\Users\alva_\.p2\pool\plugins\org.eclipse.m2e.maven.runtime_3.9.900.20250220-2013\jars\maven-artifact-3.9.9.jar
2025-10-31 14:43:37,968 [Worker-27: Launching mavenrun-00584cac-fb14-4634-838e-ae23f914baf3] INFO  o.eclipse.m2e.core.internal.Bundles - 	Entry: C:\Users\alva_\.p2\pool\plugins\org.eclipse.m2e.maven.runtime_3.9.900.20250220-2013\jars\maven-builder-support-3.9.9.jar
2025-10-31 14:43:37,968 [Worker-27: Launching mavenrun-00584cac-fb14-4634-838e-ae23f914baf3] INFO  o.eclipse.m2e.core.internal.Bundles - 	Entry: C:\Users\alva_\.p2\pool\plugins\org.eclipse.m2e.maven.runtime_3.9.900.20250220-2013\jars\maven-compat-3.9.9.jar
2025-10-31 14:43:37,968 [Worker-27: Launching mavenrun-00584cac-fb14-4634-838e-ae23f914baf3] INFO  o.eclipse.m2e.core.internal.Bundles - 	Entry: C:\Users\alva_\.p2\pool\plugins\org.eclipse.m2e.maven.runtime_3.9.900.20250220-2013\jars\maven-core-3.9.9.jar
2025-10-31 14:43:37,969 [Worker-27: Launching mavenrun-00584cac-fb14-4634-838e-ae23f914baf3] INFO  o.eclipse.m2e.core.internal.Bundles - 	Entry: C:\Users\alva_\.p2\pool\plugins\org.eclipse.m2e.maven.runtime_3.9.900.20250220-2013\jars\maven-embedder-3.9.9.jar
2025-10-31 14:43:37,969 [Worker-27: Launching mavenrun-00584cac-fb14-4634-838e-ae23f914baf3] INFO  o.eclipse.m2e.core.internal.Bundles - 	Entry: C:\Users\alva_\.p2\pool\plugins\org.eclipse.m2e.maven.runtime_3.9.900.20250220-2013\jars\maven-model-3.9.9.jar
2025-10-31 14:43:37,969 [Worker-27: Launching mavenrun-00584cac-fb14-4634-838e-ae23f914baf3] INFO  o.eclipse.m2e.core.internal.Bundles - 	Entry: C:\Users\alva_\.p2\pool\plugins\org.eclipse.m2e.maven.runtime_3.9.900.20250220-2013\jars\maven-model-builder-3.9.9.jar
2025-10-31 14:43:37,970 [Worker-27: Launching mavenrun-00584cac-fb14-4634-838e-ae23f914baf3] INFO  o.eclipse.m2e.core.internal.Bundles - 	Entry: C:\Users\alva_\.p2\pool\plugins\org.eclipse.m2e.maven.runtime_3.9.900.20250220-2013\jars\maven-plugin-api-3.9.9.jar
2025-10-31 14:43:37,970 [Worker-27: Launching mavenrun-00584cac-fb14-4634-838e-ae23f914baf3] INFO  o.eclipse.m2e.core.internal.Bundles - 	Entry: C:\Users\alva_\.p2\pool\plugins\org.eclipse.m2e.maven.runtime_3.9.900.20250220-2013\jars\maven-repository-metadata-3.9.9.jar
2025-10-31 14:43:37,970 [Worker-27: Launching mavenrun-00584cac-fb14-4634-838e-ae23f914baf3] INFO  o.eclipse.m2e.core.internal.Bundles - 	Entry: C:\Users\alva_\.p2\pool\plugins\org.eclipse.m2e.maven.runtime_3.9.900.20250220-2013\jars\maven-resolver-api-1.9.22.jar
2025-10-31 14:43:37,971 [Worker-27: Launching mavenrun-00584cac-fb14-4634-838e-ae23f914baf3] INFO  o.eclipse.m2e.core.internal.Bundles - 	Entry: C:\Users\alva_\.p2\pool\plugins\org.eclipse.m2e.maven.runtime_3.9.900.20250220-2013\jars\maven-resolver-connector-basic-1.9.22.jar
2025-10-31 14:43:37,971 [Worker-27: Launching mavenrun-00584cac-fb14-4634-838e-ae23f914baf3] INFO  o.eclipse.m2e.core.internal.Bundles - 	Entry: C:\Users\alva_\.p2\pool\plugins\org.eclipse.m2e.maven.runtime_3.9.900.20250220-2013\jars\maven-resolver-impl-1.9.22.jar
2025-10-31 14:43:37,972 [Worker-27: Launching mavenrun-00584cac-fb14-4634-838e-ae23f914baf3] INFO  o.eclipse.m2e.core.internal.Bundles - 	Entry: C:\Users\alva_\.p2\pool\plugins\org.eclipse.m2e.maven.runtime_3.9.900.20250220-2013\jars\maven-resolver-named-locks-1.9.22.jar
2025-10-31 14:43:37,972 [Worker-27: Launching mavenrun-00584cac-fb14-4634-838e-ae23f914baf3] INFO  o.eclipse.m2e.core.internal.Bundles - 	Entry: C:\Users\alva_\.p2\pool\plugins\org.eclipse.m2e.maven.runtime_3.9.900.20250220-2013\jars\maven-resolver-provider-3.9.9.jar
2025-10-31 14:43:37,973 [Worker-27: Launching mavenrun-00584cac-fb14-4634-838e-ae23f914baf3] INFO  o.eclipse.m2e.core.internal.Bundles - 	Entry: C:\Users\alva_\.p2\pool\plugins\org.eclipse.m2e.maven.runtime_3.9.900.20250220-2013\jars\maven-resolver-spi-1.9.22.jar
2025-10-31 14:43:37,973 [Worker-27: Launching mavenrun-00584cac-fb14-4634-838e-ae23f914baf3] INFO  o.eclipse.m2e.core.internal.Bundles - 	Entry: C:\Users\alva_\.p2\pool\plugins\org.eclipse.m2e.maven.runtime_3.9.900.20250220-2013\jars\maven-resolver-transport-file-1.9.22.jar
2025-10-31 14:43:37,973 [Worker-27: Launching mavenrun-00584cac-fb14-4634-838e-ae23f914baf3] INFO  o.eclipse.m2e.core.internal.Bundles - 	Entry: C:\Users\alva_\.p2\pool\plugins\org.eclipse.m2e.maven.runtime_3.9.900.20250220-2013\jars\maven-resolver-transport-http-1.9.22.jar
2025-10-31 14:43:37,974 [Worker-27: Launching mavenrun-00584cac-fb14-4634-838e-ae23f914baf3] INFO  o.eclipse.m2e.core.internal.Bundles - 	Entry: C:\Users\alva_\.p2\pool\plugins\org.eclipse.m2e.maven.runtime_3.9.900.20250220-2013\jars\maven-resolver-transport-wagon-1.9.22.jar
2025-10-31 14:43:37,974 [Worker-27: Launching mavenrun-00584cac-fb14-4634-838e-ae23f914baf3] INFO  o.eclipse.m2e.core.internal.Bundles - 	Entry: C:\Users\alva_\.p2\pool\plugins\org.eclipse.m2e.maven.runtime_3.9.900.20250220-2013\jars\maven-resolver-util-1.9.22.jar
2025-10-31 14:43:37,975 [Worker-27: Launching mavenrun-00584cac-fb14-4634-838e-ae23f914baf3] INFO  o.eclipse.m2e.core.internal.Bundles - 	Entry: C:\Users\alva_\.p2\pool\plugins\org.eclipse.m2e.maven.runtime_3.9.900.20250220-2013\jars\maven-settings-3.9.9.jar
2025-10-31 14:43:37,976 [Worker-27: Launching mavenrun-00584cac-fb14-4634-838e-ae23f914baf3] INFO  o.eclipse.m2e.core.internal.Bundles - 	Entry: C:\Users\alva_\.p2\pool\plugins\org.eclipse.m2e.maven.runtime_3.9.900.20250220-2013\jars\maven-settings-builder-3.9.9.jar
2025-10-31 14:43:37,976 [Worker-27: Launching mavenrun-00584cac-fb14-4634-838e-ae23f914baf3] INFO  o.eclipse.m2e.core.internal.Bundles - 	Entry: C:\Users\alva_\.p2\pool\plugins\org.eclipse.m2e.maven.runtime_3.9.900.20250220-2013\jars\maven-shared-utils-3.4.2.jar
2025-10-31 14:43:37,977 [Worker-27: Launching mavenrun-00584cac-fb14-4634-838e-ae23f914baf3] INFO  o.eclipse.m2e.core.internal.Bundles - 	Entry: C:\Users\alva_\.p2\pool\plugins\org.eclipse.m2e.maven.runtime_3.9.900.20250220-2013\jars\org.eclipse.sisu.inject-0.9.0.M3.jar
2025-10-31 14:43:37,977 [Worker-27: Launching mavenrun-00584cac-fb14-4634-838e-ae23f914baf3] INFO  o.eclipse.m2e.core.internal.Bundles - 	Entry: C:\Users\alva_\.p2\pool\plugins\org.eclipse.m2e.maven.runtime_3.9.900.20250220-2013\jars\org.eclipse.sisu.plexus-0.9.0.M3.jar
2025-10-31 14:43:37,977 [Worker-27: Launching mavenrun-00584cac-fb14-4634-838e-ae23f914baf3] INFO  o.eclipse.m2e.core.internal.Bundles - 	Entry: C:\Users\alva_\.p2\pool\plugins\org.eclipse.m2e.maven.runtime_3.9.900.20250220-2013\jars\plexus-build-api-0.0.7.jar
2025-10-31 14:43:37,977 [Worker-27: Launching mavenrun-00584cac-fb14-4634-838e-ae23f914baf3] INFO  o.eclipse.m2e.core.internal.Bundles - 	Entry: C:\Users\alva_\.p2\pool\plugins\org.eclipse.m2e.maven.runtime_3.9.900.20250220-2013\jars\plexus-build-api-1.2.0.jar
2025-10-31 14:43:37,978 [Worker-27: Launching mavenrun-00584cac-fb14-4634-838e-ae23f914baf3] INFO  o.eclipse.m2e.core.internal.Bundles - 	Entry: C:\Users\alva_\.p2\pool\plugins\org.eclipse.m2e.maven.runtime_3.9.900.20250220-2013\jars\plexus-cipher-2.0.jar
2025-10-31 14:43:37,978 [Worker-27: Launching mavenrun-00584cac-fb14-4634-838e-ae23f914baf3] INFO  o.eclipse.m2e.core.internal.Bundles - 	Entry: C:\Users\alva_\.p2\pool\plugins\org.eclipse.m2e.maven.runtime_3.9.900.20250220-2013\jars\plexus-classworlds-2.8.0.jar
2025-10-31 14:43:37,978 [Worker-27: Launching mavenrun-00584cac-fb14-4634-838e-ae23f914baf3] INFO  o.eclipse.m2e.core.internal.Bundles - 	Entry: C:\Users\alva_\.p2\pool\plugins\org.eclipse.m2e.maven.runtime_3.9.900.20250220-2013\jars\plexus-component-annotations-2.1.0.jar
2025-10-31 14:43:37,978 [Worker-27: Launching mavenrun-00584cac-fb14-4634-838e-ae23f914baf3] INFO  o.eclipse.m2e.core.internal.Bundles - 	Entry: C:\Users\alva_\.p2\pool\plugins\org.eclipse.m2e.maven.runtime_3.9.900.20250220-2013\jars\plexus-interpolation-1.27.jar
2025-10-31 14:43:37,978 [Worker-27: Launching mavenrun-00584cac-fb14-4634-838e-ae23f914baf3] INFO  o.eclipse.m2e.core.internal.Bundles - 	Entry: C:\Users\alva_\.p2\pool\plugins\org.eclipse.m2e.maven.runtime_3.9.900.20250220-2013\jars\plexus-sec-dispatcher-2.0.jar
2025-10-31 14:43:37,979 [Worker-27: Launching mavenrun-00584cac-fb14-4634-838e-ae23f914baf3] INFO  o.eclipse.m2e.core.internal.Bundles - 	Entry: C:\Users\alva_\.p2\pool\plugins\org.eclipse.m2e.maven.runtime_3.9.900.20250220-2013\jars\plexus-utils-3.5.1.jar
2025-10-31 14:43:37,979 [Worker-27: Launching mavenrun-00584cac-fb14-4634-838e-ae23f914baf3] INFO  o.eclipse.m2e.core.internal.Bundles - 	Entry: C:\Users\alva_\.p2\pool\plugins\org.eclipse.m2e.maven.runtime_3.9.900.20250220-2013\jars\plexus-xml-3.0.1.jar
2025-10-31 14:43:37,979 [Worker-27: Launching mavenrun-00584cac-fb14-4634-838e-ae23f914baf3] INFO  o.eclipse.m2e.core.internal.Bundles - 	Entry: C:\Users\alva_\.p2\pool\plugins\org.eclipse.m2e.maven.runtime_3.9.900.20250220-2013\jars\wagon-file-3.5.3.jar
2025-10-31 14:43:37,979 [Worker-27: Launching mavenrun-00584cac-fb14-4634-838e-ae23f914baf3] INFO  o.eclipse.m2e.core.internal.Bundles - 	Entry: C:\Users\alva_\.p2\pool\plugins\org.eclipse.m2e.maven.runtime_3.9.900.20250220-2013\jars\wagon-http-3.5.3.jar
2025-10-31 14:43:37,980 [Worker-27: Launching mavenrun-00584cac-fb14-4634-838e-ae23f914baf3] INFO  o.eclipse.m2e.core.internal.Bundles - 	Entry: C:\Users\alva_\.p2\pool\plugins\org.eclipse.m2e.maven.runtime_3.9.900.20250220-2013\jars\wagon-http-shared-3.5.3.jar
2025-10-31 14:43:37,980 [Worker-27: Launching mavenrun-00584cac-fb14-4634-838e-ae23f914baf3] INFO  o.eclipse.m2e.core.internal.Bundles - 	Entry: C:\Users\alva_\.p2\pool\plugins\org.eclipse.m2e.maven.runtime_3.9.900.20250220-2013\jars\wagon-provider-api-3.5.3.jar
2025-10-31 14:43:37,982 [Worker-27: Launching mavenrun-00584cac-fb14-4634-838e-ae23f914baf3] INFO  o.eclipse.m2e.core.internal.Bundles - getClasspathEntries(Bundle=com.google.guava_33.4.8.jre [13])
2025-10-31 14:43:37,983 [Worker-27: Launching mavenrun-00584cac-fb14-4634-838e-ae23f914baf3] INFO  o.eclipse.m2e.core.internal.Bundles - 	Entry: C:\Users\alva_\.p2\pool\plugins\com.google.guava_33.4.8.jre.jar
2025-10-31 14:43:37,983 [Worker-27: Launching mavenrun-00584cac-fb14-4634-838e-ae23f914baf3] INFO  o.eclipse.m2e.core.internal.Bundles - getClasspathEntries(Bundle=slf4j.api_2.0.17 [522])
2025-10-31 14:43:37,983 [Worker-27: Launching mavenrun-00584cac-fb14-4634-838e-ae23f914baf3] INFO  o.eclipse.m2e.core.internal.Bundles - 	Entry: C:\Users\alva_\.p2\pool\plugins\slf4j.api_2.0.17.jar
2025-10-31 14:43:37,983 [Worker-27: Launching mavenrun-00584cac-fb14-4634-838e-ae23f914baf3] INFO  o.eclipse.m2e.core.internal.Bundles - getClasspathEntries(Bundle=jakarta.inject.jakarta.inject-api_1.0.5 [24])
2025-10-31 14:43:37,984 [Worker-27: Launching mavenrun-00584cac-fb14-4634-838e-ae23f914baf3] INFO  o.eclipse.m2e.core.internal.Bundles - 	Entry: C:\Users\alva_\.p2\pool\plugins\jakarta.inject.jakarta.inject-api_1.0.5.jar
2025-10-31 14:43:37,984 [Worker-27: Launching mavenrun-00584cac-fb14-4634-838e-ae23f914baf3] INFO  o.eclipse.m2e.core.internal.Bundles - getClasspathEntries(Bundle=javax.annotation_1.3.5.v20200909-1856 [27])
2025-10-31 14:43:37,984 [Worker-27: Launching mavenrun-00584cac-fb14-4634-838e-ae23f914baf3] INFO  o.eclipse.m2e.core.internal.Bundles - 	Entry: C:\Users\alva_\.p2\pool\plugins\javax.annotation_1.3.5.v20200909-1856.jar
2025-10-31 14:43:37,985 [Worker-27: Launching mavenrun-00584cac-fb14-4634-838e-ae23f914baf3] INFO  o.eclipse.m2e.core.internal.Bundles - getClasspathEntries(Bundle=org.apache.commons.cli_1.9.0 [49])
2025-10-31 14:43:37,985 [Worker-27: Launching mavenrun-00584cac-fb14-4634-838e-ae23f914baf3] INFO  o.eclipse.m2e.core.internal.Bundles - 	Entry: C:\Users\alva_\.p2\pool\plugins\org.apache.commons.cli_1.9.0.jar
2025-10-31 14:43:37,985 [Worker-27: Launching mavenrun-00584cac-fb14-4634-838e-ae23f914baf3] INFO  o.eclipse.m2e.core.internal.Bundles - getClasspathEntries(Bundle=org.apache.commons.commons-codec_1.16.0 [50])
2025-10-31 14:43:37,985 [Worker-27: Launching mavenrun-00584cac-fb14-4634-838e-ae23f914baf3] INFO  o.eclipse.m2e.core.internal.Bundles - 	Entry: C:\Users\alva_\.p2\pool\plugins\org.apache.commons.commons-codec_1.16.0.jar
2025-10-31 14:43:37,985 [Worker-27: Launching mavenrun-00584cac-fb14-4634-838e-ae23f914baf3] INFO  o.eclipse.m2e.core.internal.Bundles - getClasspathEntries(Bundle=com.google.guava.failureaccess_1.0.3 [14])
2025-10-31 14:43:37,986 [Worker-27: Launching mavenrun-00584cac-fb14-4634-838e-ae23f914baf3] INFO  o.eclipse.m2e.core.internal.Bundles - 	Entry: C:\Users\alva_\.p2\pool\plugins\com.google.guava.failureaccess_1.0.3.jar
2025-10-31 14:43:37,990 [Worker-27: Launching mavenrun-00584cac-fb14-4634-838e-ae23f914baf3] INFO  o.e.m.i.launch.MavenLaunchDelegate - Run build in "C:\Users\alva_\AppData\Local\Temp\m2e-archetypeGenerator8731785758228696138":
2025-10-31 14:43:37,994 [Worker-27: Launching mavenrun-00584cac-fb14-4634-838e-ae23f914baf3] INFO  o.e.m.i.launch.MavenLaunchDelegate -  mvn  -DarchetypeGroupId=io.github.unlp-oo -DarchetypeArtifactId=archetype -DarchetypeVersion=1.0.0 -DgroupId=ar.edu.unlp.info.oo1 -DartifactId=ejercicio21-servicioDePaquetes -Dversion=0.0.1-SNAPSHOT -Dpackage=ar.edu.unlp.info.oo1.ejercicio21_servicioDePaquetes -DoutputDirectory=C:\Users\alva_\eclipse-workspace_oo1 -B -Dstyle.color=always -U archetype:generate
2025-10-31 14:43:57,964 [Worker-21: Creating archetype] INFO  o.e.m.c.i.p.ProjectConfigurationManager - Collecting project info '/pom.xml' C:\Users\alva_\eclipse-workspace_oo1\ejercicio21-servicioDePaquetes\pom.xml
2025-10-31 14:43:58,156 [Worker-21: Creating archetype] INFO  o.e.m.c.i.l.LifecycleMappingFactory - Using org.eclipse.m2e.jdt.JarLifecycleMapping lifecycle mapping for MavenProject: ar.edu.unlp.info.oo1:ejercicio21-servicioDePaquetes:0.0.1-SNAPSHOT @ C:\Users\alva_\eclipse-workspace_oo1\ejercicio21-servicioDePaquetes\pom.xml.
2025-10-31 14:43:58,735 [Worker-21: Creating archetype] INFO  o.e.m.j.i.AbstractJavaProjectConfigurator - Adding source folder /ejercicio21-servicioDePaquetes/src/main/java
2025-10-31 14:43:58,737 [Worker-21: Creating archetype] INFO  o.e.m.j.i.AbstractJavaProjectConfigurator - Adding resource folder /ejercicio21-servicioDePaquetes/src/main/resources
2025-10-31 14:43:58,738 [Worker-21: Creating archetype] INFO  o.e.m.j.i.AbstractJavaProjectConfigurator - Adding source folder /ejercicio21-servicioDePaquetes/src/test/java
2025-10-31 14:43:58,740 [Worker-21: Creating archetype] INFO  o.e.m.j.i.AbstractJavaProjectConfigurator - Adding resource folder /ejercicio21-servicioDePaquetes/src/test/resources
2025-10-31 14:43:58,796 [Worker-21: Creating archetype] INFO  o.e.m.c.i.p.ProjectConfigurationManager - Imported and configured 1 project(s) in 0 sec
2025-10-31 14:43:59,093 [Worker-34: Building] INFO  o.a.m.s.f.DefaultMavenResourcesFiltering - skip non existing resourceDirectory C:\Users\alva_\eclipse-workspace_oo1\ejercicio21-servicioDePaquetes\src\main\resources
2025-10-31 14:43:59,098 [Worker-34: Building] INFO  o.a.m.s.f.DefaultMavenResourcesFiltering - skip non existing resourceDirectory C:\Users\alva_\eclipse-workspace_oo1\ejercicio21-servicioDePaquetes\src\test\resources
2025-11-01 14:56:14,271 [Worker-2: Loading available Gradle versions] INFO  o.e.b.c.i.u.g.PublishedGradleVersions - Gradle version information cache is out-of-date. Trying to update.
2025-11-01 14:56:26,377 [Worker-2: Loading available Gradle versions] INFO  o.e.b.c.i.u.g.PublishedGradleVersions - Updating Gradle version information cache failed. Using outdated cache.
2025-11-01 18:51:20,421 [Worker-25: Building] INFO  o.a.m.s.f.DefaultMavenResourcesFiltering - skip non existing resourceDirectory C:\Users\alva_\eclipse-workspace_oo1\ejercicio21-servicioDePaquetes\src\main\resources
2025-11-01 18:51:20,431 [Worker-25: Building] INFO  o.a.m.s.f.DefaultMavenResourcesFiltering - skip non existing resourceDirectory C:\Users\alva_\eclipse-workspace_oo1\ejercicio21-servicioDePaquetes\src\test\resources
2025-11-01 18:51:28,315 [Worker-26: Building] INFO  o.a.m.s.f.DefaultMavenResourcesFiltering - skip non existing resourceDirectory C:\Users\alva_\eclipse-workspace_oo1\ejercicio21-servicioDePaquetes\src\main\resources
2025-11-01 18:51:28,321 [Worker-26: Building] INFO  o.a.m.s.f.DefaultMavenResourcesFiltering - skip non existing resourceDirectory C:\Users\alva_\eclipse-workspace_oo1\ejercicio21-servicioDePaquetes\src\test\resources
2025-11-01 18:52:14,084 [Worker-23: Building] INFO  o.a.m.s.f.DefaultMavenResourcesFiltering - skip non existing resourceDirectory C:\Users\alva_\eclipse-workspace_oo1\ejercicio21-servicioDePaquetes\src\main\resources
2025-11-01 18:52:14,089 [Worker-23: Building] INFO  o.a.m.s.f.DefaultMavenResourcesFiltering - skip non existing resourceDirectory C:\Users\alva_\eclipse-workspace_oo1\ejercicio21-servicioDePaquetes\src\test\resources
2025-11-01 18:52:40,075 [Worker-25: Building] INFO  o.a.m.s.f.DefaultMavenResourcesFiltering - skip non existing resourceDirectory C:\Users\alva_\eclipse-workspace_oo1\ejercicio21-servicioDePaquetes\src\main\resources
2025-11-01 18:52:40,080 [Worker-25: Building] INFO  o.a.m.s.f.DefaultMavenResourcesFiltering - skip non existing resourceDirectory C:\Users\alva_\eclipse-workspace_oo1\ejercicio21-servicioDePaquetes\src\test\resources
2025-11-01 18:53:06,254 [Worker-23: Building] INFO  o.a.m.s.f.DefaultMavenResourcesFiltering - skip non existing resourceDirectory C:\Users\alva_\eclipse-workspace_oo1\ejercicio21-servicioDePaquetes\src\main\resources
2025-11-01 18:53:06,258 [Worker-23: Building] INFO  o.a.m.s.f.DefaultMavenResourcesFiltering - skip non existing resourceDirectory C:\Users\alva_\eclipse-workspace_oo1\ejercicio21-servicioDePaquetes\src\test\resources
2025-11-01 18:53:25,633 [Worker-0: Building] INFO  o.a.m.s.f.DefaultMavenResourcesFiltering - skip non existing resourceDirectory C:\Users\alva_\eclipse-workspace_oo1\ejercicio21-servicioDePaquetes\src\main\resources
2025-11-01 18:53:25,637 [Worker-0: Building] INFO  o.a.m.s.f.DefaultMavenResourcesFiltering - skip non existing resourceDirectory C:\Users\alva_\eclipse-workspace_oo1\ejercicio21-servicioDePaquetes\src\test\resources
2025-11-01 18:53:42,983 [Worker-23: Building] INFO  o.a.m.s.f.DefaultMavenResourcesFiltering - skip non existing resourceDirectory C:\Users\alva_\eclipse-workspace_oo1\ejercicio21-servicioDePaquetes\src\main\resources
2025-11-01 18:53:42,988 [Worker-23: Building] INFO  o.a.m.s.f.DefaultMavenResourcesFiltering - skip non existing resourceDirectory C:\Users\alva_\eclipse-workspace_oo1\ejercicio21-servicioDePaquetes\src\test\resources
2025-11-01 18:54:38,775 [Worker-25: Building] INFO  o.a.m.s.f.DefaultMavenResourcesFiltering - skip non existing resourceDirectory C:\Users\alva_\eclipse-workspace_oo1\ejercicio21-servicioDePaquetes\src\main\resources
2025-11-01 18:54:38,779 [Worker-25: Building] INFO  o.a.m.s.f.DefaultMavenResourcesFiltering - skip non existing resourceDirectory C:\Users\alva_\eclipse-workspace_oo1\ejercicio21-servicioDePaquetes\src\test\resources
2025-11-01 18:54:47,715 [Worker-27: Building] INFO  o.a.m.s.f.DefaultMavenResourcesFiltering - skip non existing resourceDirectory C:\Users\alva_\eclipse-workspace_oo1\ejercicio21-servicioDePaquetes\src\main\resources
2025-11-01 18:54:47,721 [Worker-27: Building] INFO  o.a.m.s.f.DefaultMavenResourcesFiltering - skip non existing resourceDirectory C:\Users\alva_\eclipse-workspace_oo1\ejercicio21-servicioDePaquetes\src\test\resources
2025-11-01 18:54:52,450 [Worker-27: Building] INFO  o.a.m.s.f.DefaultMavenResourcesFiltering - skip non existing resourceDirectory C:\Users\alva_\eclipse-workspace_oo1\ejercicio21-servicioDePaquetes\src\main\resources
2025-11-01 18:54:52,452 [Worker-27: Building] INFO  o.a.m.s.f.DefaultMavenResourcesFiltering - skip non existing resourceDirectory C:\Users\alva_\eclipse-workspace_oo1\ejercicio21-servicioDePaquetes\src\test\resources
2025-11-01 18:55:38,209 [Worker-26: Building] INFO  o.a.m.s.f.DefaultMavenResourcesFiltering - skip non existing resourceDirectory C:\Users\alva_\eclipse-workspace_oo1\ejercicio21-servicioDePaquetes\src\main\resources
2025-11-01 18:55:38,211 [Worker-26: Building] INFO  o.a.m.s.f.DefaultMavenResourcesFiltering - skip non existing resourceDirectory C:\Users\alva_\eclipse-workspace_oo1\ejercicio21-servicioDePaquetes\src\test\resources
2025-11-01 18:55:41,064 [Worker-23: Building] INFO  o.a.m.s.f.DefaultMavenResourcesFiltering - skip non existing resourceDirectory C:\Users\alva_\eclipse-workspace_oo1\ejercicio21-servicioDePaquetes\src\main\resources
2025-11-01 18:55:41,067 [Worker-23: Building] INFO  o.a.m.s.f.DefaultMavenResourcesFiltering - skip non existing resourceDirectory C:\Users\alva_\eclipse-workspace_oo1\ejercicio21-servicioDePaquetes\src\test\resources
2025-11-01 18:55:42,384 [Worker-25: Building] INFO  o.a.m.s.f.DefaultMavenResourcesFiltering - skip non existing resourceDirectory C:\Users\alva_\eclipse-workspace_oo1\ejercicio21-servicioDePaquetes\src\main\resources
2025-11-01 18:55:42,387 [Worker-25: Building] INFO  o.a.m.s.f.DefaultMavenResourcesFiltering - skip non existing resourceDirectory C:\Users\alva_\eclipse-workspace_oo1\ejercicio21-servicioDePaquetes\src\test\resources
2025-11-01 18:56:02,817 [Worker-28: Building] INFO  o.a.m.s.f.DefaultMavenResourcesFiltering - skip non existing resourceDirectory C:\Users\alva_\eclipse-workspace_oo1\ejercicio21-servicioDePaquetes\src\main\resources
2025-11-01 18:56:02,820 [Worker-28: Building] INFO  o.a.m.s.f.DefaultMavenResourcesFiltering - skip non existing resourceDirectory C:\Users\alva_\eclipse-workspace_oo1\ejercicio21-servicioDePaquetes\src\test\resources
2025-11-01 18:58:08,836 [Worker-26: Building] INFO  o.a.m.s.f.DefaultMavenResourcesFiltering - skip non existing resourceDirectory C:\Users\alva_\eclipse-workspace_oo1\ejercicio21-servicioDePaquetes\src\main\resources
2025-11-01 18:58:08,840 [Worker-26: Building] INFO  o.a.m.s.f.DefaultMavenResourcesFiltering - skip non existing resourceDirectory C:\Users\alva_\eclipse-workspace_oo1\ejercicio21-servicioDePaquetes\src\test\resources
2025-11-01 19:04:25,883 [Worker-0: Building] INFO  o.a.m.s.f.DefaultMavenResourcesFiltering - skip non existing resourceDirectory C:\Users\alva_\eclipse-workspace_oo1\ejercicio21-servicioDePaquetes\src\main\resources
2025-11-01 19:04:25,887 [Worker-0: Building] INFO  o.a.m.s.f.DefaultMavenResourcesFiltering - skip non existing resourceDirectory C:\Users\alva_\eclipse-workspace_oo1\ejercicio21-servicioDePaquetes\src\test\resources
2025-11-01 19:04:37,454 [Worker-30: Building] INFO  o.a.m.s.f.DefaultMavenResourcesFiltering - skip non existing resourceDirectory C:\Users\alva_\eclipse-workspace_oo1\ejercicio21-servicioDePaquetes\src\main\resources
2025-11-01 19:04:37,457 [Worker-30: Building] INFO  o.a.m.s.f.DefaultMavenResourcesFiltering - skip non existing resourceDirectory C:\Users\alva_\eclipse-workspace_oo1\ejercicio21-servicioDePaquetes\src\test\resources
2025-11-01 19:04:59,407 [Worker-27: Building] INFO  o.a.m.s.f.DefaultMavenResourcesFiltering - skip non existing resourceDirectory C:\Users\alva_\eclipse-workspace_oo1\ejercicio21-servicioDePaquetes\src\main\resources
2025-11-01 19:04:59,411 [Worker-27: Building] INFO  o.a.m.s.f.DefaultMavenResourcesFiltering - skip non existing resourceDirectory C:\Users\alva_\eclipse-workspace_oo1\ejercicio21-servicioDePaquetes\src\test\resources
2025-11-01 19:07:33,235 [Worker-25: Building] INFO  o.a.m.s.f.DefaultMavenResourcesFiltering - skip non existing resourceDirectory C:\Users\alva_\eclipse-workspace_oo1\ejercicio21-servicioDePaquetes\src\main\resources
2025-11-01 19:07:33,238 [Worker-25: Building] INFO  o.a.m.s.f.DefaultMavenResourcesFiltering - skip non existing resourceDirectory C:\Users\alva_\eclipse-workspace_oo1\ejercicio21-servicioDePaquetes\src\test\resources
2025-11-01 19:08:58,120 [Worker-25: Building] INFO  o.a.m.s.f.DefaultMavenResourcesFiltering - skip non existing resourceDirectory C:\Users\alva_\eclipse-workspace_oo1\ejercicio21-servicioDePaquetes\src\main\resources
2025-11-01 19:08:58,123 [Worker-25: Building] INFO  o.a.m.s.f.DefaultMavenResourcesFiltering - skip non existing resourceDirectory C:\Users\alva_\eclipse-workspace_oo1\ejercicio21-servicioDePaquetes\src\test\resources
2025-11-01 19:09:25,041 [Worker-0: Building] INFO  o.a.m.s.f.DefaultMavenResourcesFiltering - skip non existing resourceDirectory C:\Users\alva_\eclipse-workspace_oo1\ejercicio21-servicioDePaquetes\src\main\resources
2025-11-01 19:09:25,045 [Worker-0: Building] INFO  o.a.m.s.f.DefaultMavenResourcesFiltering - skip non existing resourceDirectory C:\Users\alva_\eclipse-workspace_oo1\ejercicio21-servicioDePaquetes\src\test\resources
2025-11-01 19:09:42,013 [Worker-31: Building] INFO  o.a.m.s.f.DefaultMavenResourcesFiltering - skip non existing resourceDirectory C:\Users\alva_\eclipse-workspace_oo1\ejercicio21-servicioDePaquetes\src\main\resources
2025-11-01 19:09:42,015 [Worker-31: Building] INFO  o.a.m.s.f.DefaultMavenResourcesFiltering - skip non existing resourceDirectory C:\Users\alva_\eclipse-workspace_oo1\ejercicio21-servicioDePaquetes\src\test\resources
2025-11-01 19:09:45,484 [Worker-25: Building] INFO  o.a.m.s.f.DefaultMavenResourcesFiltering - skip non existing resourceDirectory C:\Users\alva_\eclipse-workspace_oo1\ejercicio21-servicioDePaquetes\src\main\resources
2025-11-01 19:09:45,487 [Worker-25: Building] INFO  o.a.m.s.f.DefaultMavenResourcesFiltering - skip non existing resourceDirectory C:\Users\alva_\eclipse-workspace_oo1\ejercicio21-servicioDePaquetes\src\test\resources
2025-11-01 19:09:56,809 [Worker-0: Building] INFO  o.a.m.s.f.DefaultMavenResourcesFiltering - skip non existing resourceDirectory C:\Users\alva_\eclipse-workspace_oo1\ejercicio21-servicioDePaquetes\src\main\resources
2025-11-01 19:09:56,814 [Worker-0: Building] INFO  o.a.m.s.f.DefaultMavenResourcesFiltering - skip non existing resourceDirectory C:\Users\alva_\eclipse-workspace_oo1\ejercicio21-servicioDePaquetes\src\test\resources
2025-11-01 19:10:07,727 [Worker-31: Building] INFO  o.a.m.s.f.DefaultMavenResourcesFiltering - skip non existing resourceDirectory C:\Users\alva_\eclipse-workspace_oo1\ejercicio21-servicioDePaquetes\src\main\resources
2025-11-01 19:10:07,729 [Worker-31: Building] INFO  o.a.m.s.f.DefaultMavenResourcesFiltering - skip non existing resourceDirectory C:\Users\alva_\eclipse-workspace_oo1\ejercicio21-servicioDePaquetes\src\test\resources
2025-11-01 19:10:50,865 [Worker-25: Building] INFO  o.a.m.s.f.DefaultMavenResourcesFiltering - skip non existing resourceDirectory C:\Users\alva_\eclipse-workspace_oo1\ejercicio21-servicioDePaquetes\src\main\resources
2025-11-01 19:10:50,868 [Worker-25: Building] INFO  o.a.m.s.f.DefaultMavenResourcesFiltering - skip non existing resourceDirectory C:\Users\alva_\eclipse-workspace_oo1\ejercicio21-servicioDePaquetes\src\test\resources
2025-11-01 19:10:53,305 [Worker-31: Building] INFO  o.a.m.s.f.DefaultMavenResourcesFiltering - skip non existing resourceDirectory C:\Users\alva_\eclipse-workspace_oo1\ejercicio21-servicioDePaquetes\src\main\resources
2025-11-01 19:10:53,307 [Worker-31: Building] INFO  o.a.m.s.f.DefaultMavenResourcesFiltering - skip non existing resourceDirectory C:\Users\alva_\eclipse-workspace_oo1\ejercicio21-servicioDePaquetes\src\test\resources
2025-11-01 19:10:56,470 [Worker-30: Building] INFO  o.a.m.s.f.DefaultMavenResourcesFiltering - skip non existing resourceDirectory C:\Users\alva_\eclipse-workspace_oo1\ejercicio21-servicioDePaquetes\src\main\resources
2025-11-01 19:10:56,473 [Worker-30: Building] INFO  o.a.m.s.f.DefaultMavenResourcesFiltering - skip non existing resourceDirectory C:\Users\alva_\eclipse-workspace_oo1\ejercicio21-servicioDePaquetes\src\test\resources
2025-11-01 19:11:21,986 [Worker-27: Building] INFO  o.a.m.s.f.DefaultMavenResourcesFiltering - skip non existing resourceDirectory C:\Users\alva_\eclipse-workspace_oo1\ejercicio21-servicioDePaquetes\src\main\resources
2025-11-01 19:11:21,988 [Worker-27: Building] INFO  o.a.m.s.f.DefaultMavenResourcesFiltering - skip non existing resourceDirectory C:\Users\alva_\eclipse-workspace_oo1\ejercicio21-servicioDePaquetes\src\test\resources
2025-11-01 19:11:38,561 [Worker-29: Building] INFO  o.a.m.s.f.DefaultMavenResourcesFiltering - skip non existing resourceDirectory C:\Users\alva_\eclipse-workspace_oo1\ejercicio21-servicioDePaquetes\src\main\resources
2025-11-01 19:11:38,563 [Worker-29: Building] INFO  o.a.m.s.f.DefaultMavenResourcesFiltering - skip non existing resourceDirectory C:\Users\alva_\eclipse-workspace_oo1\ejercicio21-servicioDePaquetes\src\test\resources
2025-11-01 19:31:15,184 [Worker-31: Building] INFO  o.a.m.s.f.DefaultMavenResourcesFiltering - skip non existing resourceDirectory C:\Users\alva_\eclipse-workspace_oo1\ejercicio21-servicioDePaquetes\src\main\resources
2025-11-01 19:31:15,187 [Worker-31: Building] INFO  o.a.m.s.f.DefaultMavenResourcesFiltering - skip non existing resourceDirectory C:\Users\alva_\eclipse-workspace_oo1\ejercicio21-servicioDePaquetes\src\test\resources
2025-11-01 19:33:58,331 [Worker-27: Building] INFO  o.a.m.s.f.DefaultMavenResourcesFiltering - skip non existing resourceDirectory C:\Users\alva_\eclipse-workspace_oo1\ejercicio21-servicioDePaquetes\src\main\resources
2025-11-01 19:33:58,335 [Worker-27: Building] INFO  o.a.m.s.f.DefaultMavenResourcesFiltering - skip non existing resourceDirectory C:\Users\alva_\eclipse-workspace_oo1\ejercicio21-servicioDePaquetes\src\test\resources
2025-11-01 19:36:19,418 [Worker-0: Building] INFO  o.a.m.s.f.DefaultMavenResourcesFiltering - skip non existing resourceDirectory C:\Users\alva_\eclipse-workspace_oo1\ejercicio21-servicioDePaquetes\src\main\resources
2025-11-01 19:36:19,421 [Worker-0: Building] INFO  o.a.m.s.f.DefaultMavenResourcesFiltering - skip non existing resourceDirectory C:\Users\alva_\eclipse-workspace_oo1\ejercicio21-servicioDePaquetes\src\test\resources
2025-11-01 19:36:40,319 [Worker-27: Building] INFO  o.a.m.s.f.DefaultMavenResourcesFiltering - skip non existing resourceDirectory C:\Users\alva_\eclipse-workspace_oo1\ejercicio21-servicioDePaquetes\src\main\resources
2025-11-01 19:36:40,322 [Worker-27: Building] INFO  o.a.m.s.f.DefaultMavenResourcesFiltering - skip non existing resourceDirectory C:\Users\alva_\eclipse-workspace_oo1\ejercicio21-servicioDePaquetes\src\test\resources
2025-11-01 19:37:49,123 [Worker-31: Building] INFO  o.a.m.s.f.DefaultMavenResourcesFiltering - skip non existing resourceDirectory C:\Users\alva_\eclipse-workspace_oo1\ejercicio21-servicioDePaquetes\src\main\resources
2025-11-01 19:37:49,126 [Worker-31: Building] INFO  o.a.m.s.f.DefaultMavenResourcesFiltering - skip non existing resourceDirectory C:\Users\alva_\eclipse-workspace_oo1\ejercicio21-servicioDePaquetes\src\test\resources
2025-11-01 19:38:13,167 [Worker-27: Building] INFO  o.a.m.s.f.DefaultMavenResourcesFiltering - skip non existing resourceDirectory C:\Users\alva_\eclipse-workspace_oo1\ejercicio21-servicioDePaquetes\src\main\resources
2025-11-01 19:38:13,169 [Worker-27: Building] INFO  o.a.m.s.f.DefaultMavenResourcesFiltering - skip non existing resourceDirectory C:\Users\alva_\eclipse-workspace_oo1\ejercicio21-servicioDePaquetes\src\test\resources
2025-11-01 19:38:25,142 [Worker-0: Building] INFO  o.a.m.s.f.DefaultMavenResourcesFiltering - skip non existing resourceDirectory C:\Users\alva_\eclipse-workspace_oo1\ejercicio21-servicioDePaquetes\src\main\resources
2025-11-01 19:38:25,145 [Worker-0: Building] INFO  o.a.m.s.f.DefaultMavenResourcesFiltering - skip non existing resourceDirectory C:\Users\alva_\eclipse-workspace_oo1\ejercicio21-servicioDePaquetes\src\test\resources
2025-11-01 19:39:23,576 [Worker-27: Building] INFO  o.a.m.s.f.DefaultMavenResourcesFiltering - skip non existing resourceDirectory C:\Users\alva_\eclipse-workspace_oo1\ejercicio21-servicioDePaquetes\src\main\resources
2025-11-01 19:39:23,580 [Worker-27: Building] INFO  o.a.m.s.f.DefaultMavenResourcesFiltering - skip non existing resourceDirectory C:\Users\alva_\eclipse-workspace_oo1\ejercicio21-servicioDePaquetes\src\test\resources
2025-11-01 19:40:05,187 [Worker-34: Building] INFO  o.a.m.s.f.DefaultMavenResourcesFiltering - skip non existing resourceDirectory C:\Users\alva_\eclipse-workspace_oo1\ejercicio21-servicioDePaquetes\src\main\resources
2025-11-01 19:40:05,190 [Worker-34: Building] INFO  o.a.m.s.f.DefaultMavenResourcesFiltering - skip non existing resourceDirectory C:\Users\alva_\eclipse-workspace_oo1\ejercicio21-servicioDePaquetes\src\test\resources
2025-11-01 19:40:58,874 [Worker-34: Building] INFO  o.a.m.s.f.DefaultMavenResourcesFiltering - skip non existing resourceDirectory C:\Users\alva_\eclipse-workspace_oo1\ejercicio21-servicioDePaquetes\src\main\resources
2025-11-01 19:40:58,876 [Worker-34: Building] INFO  o.a.m.s.f.DefaultMavenResourcesFiltering - skip non existing resourceDirectory C:\Users\alva_\eclipse-workspace_oo1\ejercicio21-servicioDePaquetes\src\test\resources
2025-11-01 19:41:26,782 [Worker-31: Building] INFO  o.a.m.s.f.DefaultMavenResourcesFiltering - skip non existing resourceDirectory C:\Users\alva_\eclipse-workspace_oo1\ejercicio21-servicioDePaquetes\src\main\resources
2025-11-01 19:41:26,784 [Worker-31: Building] INFO  o.a.m.s.f.DefaultMavenResourcesFiltering - skip non existing resourceDirectory C:\Users\alva_\eclipse-workspace_oo1\ejercicio21-servicioDePaquetes\src\test\resources
2025-11-01 19:41:31,220 [Worker-27: Building] INFO  o.a.m.s.f.DefaultMavenResourcesFiltering - skip non existing resourceDirectory C:\Users\alva_\eclipse-workspace_oo1\ejercicio21-servicioDePaquetes\src\main\resources
2025-11-01 19:41:31,223 [Worker-27: Building] INFO  o.a.m.s.f.DefaultMavenResourcesFiltering - skip non existing resourceDirectory C:\Users\alva_\eclipse-workspace_oo1\ejercicio21-servicioDePaquetes\src\test\resources
2025-11-01 19:41:51,353 [Worker-34: Building] INFO  o.a.m.s.f.DefaultMavenResourcesFiltering - skip non existing resourceDirectory C:\Users\alva_\eclipse-workspace_oo1\ejercicio21-servicioDePaquetes\src\main\resources
2025-11-01 19:41:51,355 [Worker-34: Building] INFO  o.a.m.s.f.DefaultMavenResourcesFiltering - skip non existing resourceDirectory C:\Users\alva_\eclipse-workspace_oo1\ejercicio21-servicioDePaquetes\src\test\resources
2025-11-01 19:42:22,554 [Worker-33: Building] INFO  o.a.m.s.f.DefaultMavenResourcesFiltering - skip non existing resourceDirectory C:\Users\alva_\eclipse-workspace_oo1\ejercicio21-servicioDePaquetes\src\main\resources
2025-11-01 19:42:22,556 [Worker-33: Building] INFO  o.a.m.s.f.DefaultMavenResourcesFiltering - skip non existing resourceDirectory C:\Users\alva_\eclipse-workspace_oo1\ejercicio21-servicioDePaquetes\src\test\resources
2025-11-01 19:54:26,076 [Worker-36: Building] INFO  o.a.m.s.f.DefaultMavenResourcesFiltering - skip non existing resourceDirectory C:\Users\alva_\eclipse-workspace_oo1\ejercicio21-servicioDePaquetes\src\main\resources
2025-11-01 19:54:26,078 [Worker-36: Building] INFO  o.a.m.s.f.DefaultMavenResourcesFiltering - skip non existing resourceDirectory C:\Users\alva_\eclipse-workspace_oo1\ejercicio21-servicioDePaquetes\src\test\resources
2025-11-01 20:10:09,702 [Worker-35: Building] INFO  o.a.m.s.f.DefaultMavenResourcesFiltering - skip non existing resourceDirectory C:\Users\alva_\eclipse-workspace_oo1\ejercicio21-servicioDePaquetes\src\main\resources
2025-11-01 20:10:09,705 [Worker-35: Building] INFO  o.a.m.s.f.DefaultMavenResourcesFiltering - skip non existing resourceDirectory C:\Users\alva_\eclipse-workspace_oo1\ejercicio21-servicioDePaquetes\src\test\resources
2025-11-01 20:12:39,236 [Worker-37: Building] INFO  o.a.m.s.f.DefaultMavenResourcesFiltering - skip non existing resourceDirectory C:\Users\alva_\eclipse-workspace_oo1\ejercicio21-servicioDePaquetes\src\main\resources
2025-11-01 20:12:39,239 [Worker-37: Building] INFO  o.a.m.s.f.DefaultMavenResourcesFiltering - skip non existing resourceDirectory C:\Users\alva_\eclipse-workspace_oo1\ejercicio21-servicioDePaquetes\src\test\resources
2025-11-01 20:26:49,295 [Worker-36: Building] INFO  o.a.m.s.f.DefaultMavenResourcesFiltering - skip non existing resourceDirectory C:\Users\alva_\eclipse-workspace_oo1\ejercicio21-servicioDePaquetes\src\main\resources
2025-11-01 20:26:49,297 [Worker-36: Building] INFO  o.a.m.s.f.DefaultMavenResourcesFiltering - skip non existing resourceDirectory C:\Users\alva_\eclipse-workspace_oo1\ejercicio21-servicioDePaquetes\src\test\resources
2025-11-01 20:41:39,242 [Worker-38: Building] INFO  o.a.m.s.f.DefaultMavenResourcesFiltering - skip non existing resourceDirectory C:\Users\alva_\eclipse-workspace_oo1\ejercicio21-servicioDePaquetes\src\main\resources
2025-11-01 20:41:39,245 [Worker-38: Building] INFO  o.a.m.s.f.DefaultMavenResourcesFiltering - skip non existing resourceDirectory C:\Users\alva_\eclipse-workspace_oo1\ejercicio21-servicioDePaquetes\src\test\resources
2025-11-01 20:41:57,378 [Worker-38: Building] INFO  o.a.m.s.f.DefaultMavenResourcesFiltering - skip non existing resourceDirectory C:\Users\alva_\eclipse-workspace_oo1\ejercicio21-servicioDePaquetes\src\main\resources
2025-11-01 20:41:57,380 [Worker-38: Building] INFO  o.a.m.s.f.DefaultMavenResourcesFiltering - skip non existing resourceDirectory C:\Users\alva_\eclipse-workspace_oo1\ejercicio21-servicioDePaquetes\src\test\resources
2025-11-01 23:05:42,119 [Worker-43: Building] INFO  o.a.m.s.f.DefaultMavenResourcesFiltering - skip non existing resourceDirectory C:\Users\alva_\eclipse-workspace_oo1\ejercicio21-servicioDePaquetes\src\main\resources
2025-11-01 23:05:42,121 [Worker-43: Building] INFO  o.a.m.s.f.DefaultMavenResourcesFiltering - skip non existing resourceDirectory C:\Users\alva_\eclipse-workspace_oo1\ejercicio21-servicioDePaquetes\src\test\resources
2025-11-01 23:07:03,682 [Worker-47: Building] INFO  o.a.m.s.f.DefaultMavenResourcesFiltering - skip non existing resourceDirectory C:\Users\alva_\eclipse-workspace_oo1\ejercicio21-servicioDePaquetes\src\main\resources
2025-11-01 23:07:03,684 [Worker-47: Building] INFO  o.a.m.s.f.DefaultMavenResourcesFiltering - skip non existing resourceDirectory C:\Users\alva_\eclipse-workspace_oo1\ejercicio21-servicioDePaquetes\src\test\resources
2025-11-01 23:08:11,185 [Worker-46: Building] INFO  o.a.m.s.f.DefaultMavenResourcesFiltering - skip non existing resourceDirectory C:\Users\alva_\eclipse-workspace_oo1\ejercicio21-servicioDePaquetes\src\main\resources
2025-11-01 23:08:11,187 [Worker-46: Building] INFO  o.a.m.s.f.DefaultMavenResourcesFiltering - skip non existing resourceDirectory C:\Users\alva_\eclipse-workspace_oo1\ejercicio21-servicioDePaquetes\src\test\resources
2025-11-01 23:08:50,153 [Worker-43: Building] INFO  o.a.m.s.f.DefaultMavenResourcesFiltering - skip non existing resourceDirectory C:\Users\alva_\eclipse-workspace_oo1\ejercicio21-servicioDePaquetes\src\main\resources
2025-11-01 23:08:50,156 [Worker-43: Building] INFO  o.a.m.s.f.DefaultMavenResourcesFiltering - skip non existing resourceDirectory C:\Users\alva_\eclipse-workspace_oo1\ejercicio21-servicioDePaquetes\src\test\resources
2025-11-01 23:09:18,368 [Worker-47: Building] INFO  o.a.m.s.f.DefaultMavenResourcesFiltering - skip non existing resourceDirectory C:\Users\alva_\eclipse-workspace_oo1\ejercicio21-servicioDePaquetes\src\main\resources
2025-11-01 23:09:18,371 [Worker-47: Building] INFO  o.a.m.s.f.DefaultMavenResourcesFiltering - skip non existing resourceDirectory C:\Users\alva_\eclipse-workspace_oo1\ejercicio21-servicioDePaquetes\src\test\resources
2025-11-01 23:11:48,135 [Worker-42: Building] INFO  o.a.m.s.f.DefaultMavenResourcesFiltering - skip non existing resourceDirectory C:\Users\alva_\eclipse-workspace_oo1\ejercicio21-servicioDePaquetes\src\main\resources
2025-11-01 23:11:48,137 [Worker-42: Building] INFO  o.a.m.s.f.DefaultMavenResourcesFiltering - skip non existing resourceDirectory C:\Users\alva_\eclipse-workspace_oo1\ejercicio21-servicioDePaquetes\src\test\resources
2025-11-01 23:13:25,043 [Worker-46: Building] INFO  o.a.m.s.f.DefaultMavenResourcesFiltering - skip non existing resourceDirectory C:\Users\alva_\eclipse-workspace_oo1\ejercicio21-servicioDePaquetes\src\main\resources
2025-11-01 23:13:25,045 [Worker-46: Building] INFO  o.a.m.s.f.DefaultMavenResourcesFiltering - skip non existing resourceDirectory C:\Users\alva_\eclipse-workspace_oo1\ejercicio21-servicioDePaquetes\src\test\resources
2025-11-01 23:19:52,019 [Worker-43: Launching mavenrun-315a052b-8872-42ef-a44b-55ac77164b14] INFO  o.eclipse.m2e.core.internal.Bundles - getClasspathEntries(Bundle=org.eclipse.m2e.maven.runtime_3.9.900.20250220-2013 [299])
2025-11-01 23:19:52,022 [Worker-43: Launching mavenrun-315a052b-8872-42ef-a44b-55ac77164b14] INFO  o.eclipse.m2e.core.internal.Bundles - 	Entry: C:\Users\alva_\.p2\pool\plugins\org.eclipse.m2e.maven.runtime_3.9.900.20250220-2013
2025-11-01 23:19:52,023 [Worker-43: Launching mavenrun-315a052b-8872-42ef-a44b-55ac77164b14] INFO  o.eclipse.m2e.core.internal.Bundles - 	Entry: C:\Users\alva_\.p2\pool\plugins\org.eclipse.m2e.maven.runtime_3.9.900.20250220-2013\jars\aopalliance-1.0.jar
2025-11-01 23:19:52,023 [Worker-43: Launching mavenrun-315a052b-8872-42ef-a44b-55ac77164b14] INFO  o.eclipse.m2e.core.internal.Bundles - 	Entry: C:\Users\alva_\.p2\pool\plugins\org.eclipse.m2e.maven.runtime_3.9.900.20250220-2013\jars\guice-5.1.0.jar
2025-11-01 23:19:52,023 [Worker-43: Launching mavenrun-315a052b-8872-42ef-a44b-55ac77164b14] INFO  o.eclipse.m2e.core.internal.Bundles - 	Entry: C:\Users\alva_\.p2\pool\plugins\org.eclipse.m2e.maven.runtime_3.9.900.20250220-2013\jars\httpclient-4.5.14.jar
2025-11-01 23:19:52,023 [Worker-43: Launching mavenrun-315a052b-8872-42ef-a44b-55ac77164b14] INFO  o.eclipse.m2e.core.internal.Bundles - 	Entry: C:\Users\alva_\.p2\pool\plugins\org.eclipse.m2e.maven.runtime_3.9.900.20250220-2013\jars\httpcore-4.4.16.jar
2025-11-01 23:19:52,023 [Worker-43: Launching mavenrun-315a052b-8872-42ef-a44b-55ac77164b14] INFO  o.eclipse.m2e.core.internal.Bundles - 	Entry: C:\Users\alva_\.p2\pool\plugins\org.eclipse.m2e.maven.runtime_3.9.900.20250220-2013\jars\jansi-2.4.1.jar
2025-11-01 23:19:52,024 [Worker-43: Launching mavenrun-315a052b-8872-42ef-a44b-55ac77164b14] INFO  o.eclipse.m2e.core.internal.Bundles - 	Entry: C:\Users\alva_\.p2\pool\plugins\org.eclipse.m2e.maven.runtime_3.9.900.20250220-2013\jars\jcl-over-slf4j-1.7.36.jar
2025-11-01 23:19:52,024 [Worker-43: Launching mavenrun-315a052b-8872-42ef-a44b-55ac77164b14] INFO  o.eclipse.m2e.core.internal.Bundles - 	Entry: C:\Users\alva_\.p2\pool\plugins\org.eclipse.m2e.maven.runtime_3.9.900.20250220-2013\jars\maven-artifact-3.9.9.jar
2025-11-01 23:19:52,024 [Worker-43: Launching mavenrun-315a052b-8872-42ef-a44b-55ac77164b14] INFO  o.eclipse.m2e.core.internal.Bundles - 	Entry: C:\Users\alva_\.p2\pool\plugins\org.eclipse.m2e.maven.runtime_3.9.900.20250220-2013\jars\maven-builder-support-3.9.9.jar
2025-11-01 23:19:52,024 [Worker-43: Launching mavenrun-315a052b-8872-42ef-a44b-55ac77164b14] INFO  o.eclipse.m2e.core.internal.Bundles - 	Entry: C:\Users\alva_\.p2\pool\plugins\org.eclipse.m2e.maven.runtime_3.9.900.20250220-2013\jars\maven-compat-3.9.9.jar
2025-11-01 23:19:52,025 [Worker-43: Launching mavenrun-315a052b-8872-42ef-a44b-55ac77164b14] INFO  o.eclipse.m2e.core.internal.Bundles - 	Entry: C:\Users\alva_\.p2\pool\plugins\org.eclipse.m2e.maven.runtime_3.9.900.20250220-2013\jars\maven-core-3.9.9.jar
2025-11-01 23:19:52,025 [Worker-43: Launching mavenrun-315a052b-8872-42ef-a44b-55ac77164b14] INFO  o.eclipse.m2e.core.internal.Bundles - 	Entry: C:\Users\alva_\.p2\pool\plugins\org.eclipse.m2e.maven.runtime_3.9.900.20250220-2013\jars\maven-embedder-3.9.9.jar
2025-11-01 23:19:52,025 [Worker-43: Launching mavenrun-315a052b-8872-42ef-a44b-55ac77164b14] INFO  o.eclipse.m2e.core.internal.Bundles - 	Entry: C:\Users\alva_\.p2\pool\plugins\org.eclipse.m2e.maven.runtime_3.9.900.20250220-2013\jars\maven-model-3.9.9.jar
2025-11-01 23:19:52,025 [Worker-43: Launching mavenrun-315a052b-8872-42ef-a44b-55ac77164b14] INFO  o.eclipse.m2e.core.internal.Bundles - 	Entry: C:\Users\alva_\.p2\pool\plugins\org.eclipse.m2e.maven.runtime_3.9.900.20250220-2013\jars\maven-model-builder-3.9.9.jar
2025-11-01 23:19:52,026 [Worker-43: Launching mavenrun-315a052b-8872-42ef-a44b-55ac77164b14] INFO  o.eclipse.m2e.core.internal.Bundles - 	Entry: C:\Users\alva_\.p2\pool\plugins\org.eclipse.m2e.maven.runtime_3.9.900.20250220-2013\jars\maven-plugin-api-3.9.9.jar
2025-11-01 23:19:52,026 [Worker-43: Launching mavenrun-315a052b-8872-42ef-a44b-55ac77164b14] INFO  o.eclipse.m2e.core.internal.Bundles - 	Entry: C:\Users\alva_\.p2\pool\plugins\org.eclipse.m2e.maven.runtime_3.9.900.20250220-2013\jars\maven-repository-metadata-3.9.9.jar
2025-11-01 23:19:52,026 [Worker-43: Launching mavenrun-315a052b-8872-42ef-a44b-55ac77164b14] INFO  o.eclipse.m2e.core.internal.Bundles - 	Entry: C:\Users\alva_\.p2\pool\plugins\org.eclipse.m2e.maven.runtime_3.9.900.20250220-2013\jars\maven-resolver-api-1.9.22.jar
2025-11-01 23:19:52,026 [Worker-43: Launching mavenrun-315a052b-8872-42ef-a44b-55ac77164b14] INFO  o.eclipse.m2e.core.internal.Bundles - 	Entry: C:\Users\alva_\.p2\pool\plugins\org.eclipse.m2e.maven.runtime_3.9.900.20250220-2013\jars\maven-resolver-connector-basic-1.9.22.jar
2025-11-01 23:19:52,026 [Worker-43: Launching mavenrun-315a052b-8872-42ef-a44b-55ac77164b14] INFO  o.eclipse.m2e.core.internal.Bundles - 	Entry: C:\Users\alva_\.p2\pool\plugins\org.eclipse.m2e.maven.runtime_3.9.900.20250220-2013\jars\maven-resolver-impl-1.9.22.jar
2025-11-01 23:19:52,027 [Worker-43: Launching mavenrun-315a052b-8872-42ef-a44b-55ac77164b14] INFO  o.eclipse.m2e.core.internal.Bundles - 	Entry: C:\Users\alva_\.p2\pool\plugins\org.eclipse.m2e.maven.runtime_3.9.900.20250220-2013\jars\maven-resolver-named-locks-1.9.22.jar
2025-11-01 23:19:52,027 [Worker-43: Launching mavenrun-315a052b-8872-42ef-a44b-55ac77164b14] INFO  o.eclipse.m2e.core.internal.Bundles - 	Entry: C:\Users\alva_\.p2\pool\plugins\org.eclipse.m2e.maven.runtime_3.9.900.20250220-2013\jars\maven-resolver-provider-3.9.9.jar
2025-11-01 23:19:52,027 [Worker-43: Launching mavenrun-315a052b-8872-42ef-a44b-55ac77164b14] INFO  o.eclipse.m2e.core.internal.Bundles - 	Entry: C:\Users\alva_\.p2\pool\plugins\org.eclipse.m2e.maven.runtime_3.9.900.20250220-2013\jars\maven-resolver-spi-1.9.22.jar
2025-11-01 23:19:52,027 [Worker-43: Launching mavenrun-315a052b-8872-42ef-a44b-55ac77164b14] INFO  o.eclipse.m2e.core.internal.Bundles - 	Entry: C:\Users\alva_\.p2\pool\plugins\org.eclipse.m2e.maven.runtime_3.9.900.20250220-2013\jars\maven-resolver-transport-file-1.9.22.jar
2025-11-01 23:19:52,028 [Worker-43: Launching mavenrun-315a052b-8872-42ef-a44b-55ac77164b14] INFO  o.eclipse.m2e.core.internal.Bundles - 	Entry: C:\Users\alva_\.p2\pool\plugins\org.eclipse.m2e.maven.runtime_3.9.900.20250220-2013\jars\maven-resolver-transport-http-1.9.22.jar
2025-11-01 23:19:52,028 [Worker-43: Launching mavenrun-315a052b-8872-42ef-a44b-55ac77164b14] INFO  o.eclipse.m2e.core.internal.Bundles - 	Entry: C:\Users\alva_\.p2\pool\plugins\org.eclipse.m2e.maven.runtime_3.9.900.20250220-2013\jars\maven-resolver-transport-wagon-1.9.22.jar
2025-11-01 23:19:52,028 [Worker-43: Launching mavenrun-315a052b-8872-42ef-a44b-55ac77164b14] INFO  o.eclipse.m2e.core.internal.Bundles - 	Entry: C:\Users\alva_\.p2\pool\plugins\org.eclipse.m2e.maven.runtime_3.9.900.20250220-2013\jars\maven-resolver-util-1.9.22.jar
2025-11-01 23:19:52,028 [Worker-43: Launching mavenrun-315a052b-8872-42ef-a44b-55ac77164b14] INFO  o.eclipse.m2e.core.internal.Bundles - 	Entry: C:\Users\alva_\.p2\pool\plugins\org.eclipse.m2e.maven.runtime_3.9.900.20250220-2013\jars\maven-settings-3.9.9.jar
2025-11-01 23:19:52,029 [Worker-43: Launching mavenrun-315a052b-8872-42ef-a44b-55ac77164b14] INFO  o.eclipse.m2e.core.internal.Bundles - 	Entry: C:\Users\alva_\.p2\pool\plugins\org.eclipse.m2e.maven.runtime_3.9.900.20250220-2013\jars\maven-settings-builder-3.9.9.jar
2025-11-01 23:19:52,029 [Worker-43: Launching mavenrun-315a052b-8872-42ef-a44b-55ac77164b14] INFO  o.eclipse.m2e.core.internal.Bundles - 	Entry: C:\Users\alva_\.p2\pool\plugins\org.eclipse.m2e.maven.runtime_3.9.900.20250220-2013\jars\maven-shared-utils-3.4.2.jar
2025-11-01 23:19:52,029 [Worker-43: Launching mavenrun-315a052b-8872-42ef-a44b-55ac77164b14] INFO  o.eclipse.m2e.core.internal.Bundles - 	Entry: C:\Users\alva_\.p2\pool\plugins\org.eclipse.m2e.maven.runtime_3.9.900.20250220-2013\jars\org.eclipse.sisu.inject-0.9.0.M3.jar
2025-11-01 23:19:52,029 [Worker-43: Launching mavenrun-315a052b-8872-42ef-a44b-55ac77164b14] INFO  o.eclipse.m2e.core.internal.Bundles - 	Entry: C:\Users\alva_\.p2\pool\plugins\org.eclipse.m2e.maven.runtime_3.9.900.20250220-2013\jars\org.eclipse.sisu.plexus-0.9.0.M3.jar
2025-11-01 23:19:52,029 [Worker-43: Launching mavenrun-315a052b-8872-42ef-a44b-55ac77164b14] INFO  o.eclipse.m2e.core.internal.Bundles - 	Entry: C:\Users\alva_\.p2\pool\plugins\org.eclipse.m2e.maven.runtime_3.9.900.20250220-2013\jars\plexus-build-api-0.0.7.jar
2025-11-01 23:19:52,030 [Worker-43: Launching mavenrun-315a052b-8872-42ef-a44b-55ac77164b14] INFO  o.eclipse.m2e.core.internal.Bundles - 	Entry: C:\Users\alva_\.p2\pool\plugins\org.eclipse.m2e.maven.runtime_3.9.900.20250220-2013\jars\plexus-build-api-1.2.0.jar
2025-11-01 23:19:52,030 [Worker-43: Launching mavenrun-315a052b-8872-42ef-a44b-55ac77164b14] INFO  o.eclipse.m2e.core.internal.Bundles - 	Entry: C:\Users\alva_\.p2\pool\plugins\org.eclipse.m2e.maven.runtime_3.9.900.20250220-2013\jars\plexus-cipher-2.0.jar
2025-11-01 23:19:52,030 [Worker-43: Launching mavenrun-315a052b-8872-42ef-a44b-55ac77164b14] INFO  o.eclipse.m2e.core.internal.Bundles - 	Entry: C:\Users\alva_\.p2\pool\plugins\org.eclipse.m2e.maven.runtime_3.9.900.20250220-2013\jars\plexus-classworlds-2.8.0.jar
2025-11-01 23:19:52,030 [Worker-43: Launching mavenrun-315a052b-8872-42ef-a44b-55ac77164b14] INFO  o.eclipse.m2e.core.internal.Bundles - 	Entry: C:\Users\alva_\.p2\pool\plugins\org.eclipse.m2e.maven.runtime_3.9.900.20250220-2013\jars\plexus-component-annotations-2.1.0.jar
2025-11-01 23:19:52,030 [Worker-43: Launching mavenrun-315a052b-8872-42ef-a44b-55ac77164b14] INFO  o.eclipse.m2e.core.internal.Bundles - 	Entry: C:\Users\alva_\.p2\pool\plugins\org.eclipse.m2e.maven.runtime_3.9.900.20250220-2013\jars\plexus-interpolation-1.27.jar
2025-11-01 23:19:52,031 [Worker-43: Launching mavenrun-315a052b-8872-42ef-a44b-55ac77164b14] INFO  o.eclipse.m2e.core.internal.Bundles - 	Entry: C:\Users\alva_\.p2\pool\plugins\org.eclipse.m2e.maven.runtime_3.9.900.20250220-2013\jars\plexus-sec-dispatcher-2.0.jar
2025-11-01 23:19:52,031 [Worker-43: Launching mavenrun-315a052b-8872-42ef-a44b-55ac77164b14] INFO  o.eclipse.m2e.core.internal.Bundles - 	Entry: C:\Users\alva_\.p2\pool\plugins\org.eclipse.m2e.maven.runtime_3.9.900.20250220-2013\jars\plexus-utils-3.5.1.jar
2025-11-01 23:19:52,031 [Worker-43: Launching mavenrun-315a052b-8872-42ef-a44b-55ac77164b14] INFO  o.eclipse.m2e.core.internal.Bundles - 	Entry: C:\Users\alva_\.p2\pool\plugins\org.eclipse.m2e.maven.runtime_3.9.900.20250220-2013\jars\plexus-xml-3.0.1.jar
2025-11-01 23:19:52,031 [Worker-43: Launching mavenrun-315a052b-8872-42ef-a44b-55ac77164b14] INFO  o.eclipse.m2e.core.internal.Bundles - 	Entry: C:\Users\alva_\.p2\pool\plugins\org.eclipse.m2e.maven.runtime_3.9.900.20250220-2013\jars\wagon-file-3.5.3.jar
2025-11-01 23:19:52,032 [Worker-43: Launching mavenrun-315a052b-8872-42ef-a44b-55ac77164b14] INFO  o.eclipse.m2e.core.internal.Bundles - 	Entry: C:\Users\alva_\.p2\pool\plugins\org.eclipse.m2e.maven.runtime_3.9.900.20250220-2013\jars\wagon-http-3.5.3.jar
2025-11-01 23:19:52,032 [Worker-43: Launching mavenrun-315a052b-8872-42ef-a44b-55ac77164b14] INFO  o.eclipse.m2e.core.internal.Bundles - 	Entry: C:\Users\alva_\.p2\pool\plugins\org.eclipse.m2e.maven.runtime_3.9.900.20250220-2013\jars\wagon-http-shared-3.5.3.jar
2025-11-01 23:19:52,032 [Worker-43: Launching mavenrun-315a052b-8872-42ef-a44b-55ac77164b14] INFO  o.eclipse.m2e.core.internal.Bundles - 	Entry: C:\Users\alva_\.p2\pool\plugins\org.eclipse.m2e.maven.runtime_3.9.900.20250220-2013\jars\wagon-provider-api-3.5.3.jar
2025-11-01 23:19:52,034 [Worker-43: Launching mavenrun-315a052b-8872-42ef-a44b-55ac77164b14] INFO  o.eclipse.m2e.core.internal.Bundles - getClasspathEntries(Bundle=com.google.guava_33.4.8.jre [13])
2025-11-01 23:19:52,035 [Worker-43: Launching mavenrun-315a052b-8872-42ef-a44b-55ac77164b14] INFO  o.eclipse.m2e.core.internal.Bundles - 	Entry: C:\Users\alva_\.p2\pool\plugins\com.google.guava_33.4.8.jre.jar
2025-11-01 23:19:52,035 [Worker-43: Launching mavenrun-315a052b-8872-42ef-a44b-55ac77164b14] INFO  o.eclipse.m2e.core.internal.Bundles - getClasspathEntries(Bundle=slf4j.api_2.0.17 [522])
2025-11-01 23:19:52,036 [Worker-43: Launching mavenrun-315a052b-8872-42ef-a44b-55ac77164b14] INFO  o.eclipse.m2e.core.internal.Bundles - 	Entry: C:\Users\alva_\.p2\pool\plugins\slf4j.api_2.0.17.jar
2025-11-01 23:19:52,036 [Worker-43: Launching mavenrun-315a052b-8872-42ef-a44b-55ac77164b14] INFO  o.eclipse.m2e.core.internal.Bundles - getClasspathEntries(Bundle=jakarta.inject.jakarta.inject-api_1.0.5 [24])
2025-11-01 23:19:52,036 [Worker-43: Launching mavenrun-315a052b-8872-42ef-a44b-55ac77164b14] INFO  o.eclipse.m2e.core.internal.Bundles - 	Entry: C:\Users\alva_\.p2\pool\plugins\jakarta.inject.jakarta.inject-api_1.0.5.jar
2025-11-01 23:19:52,037 [Worker-43: Launching mavenrun-315a052b-8872-42ef-a44b-55ac77164b14] INFO  o.eclipse.m2e.core.internal.Bundles - getClasspathEntries(Bundle=javax.annotation_1.3.5.v20200909-1856 [27])
2025-11-01 23:19:52,037 [Worker-43: Launching mavenrun-315a052b-8872-42ef-a44b-55ac77164b14] INFO  o.eclipse.m2e.core.internal.Bundles - 	Entry: C:\Users\alva_\.p2\pool\plugins\javax.annotation_1.3.5.v20200909-1856.jar
2025-11-01 23:19:52,037 [Worker-43: Launching mavenrun-315a052b-8872-42ef-a44b-55ac77164b14] INFO  o.eclipse.m2e.core.internal.Bundles - getClasspathEntries(Bundle=org.apache.commons.cli_1.9.0 [49])
2025-11-01 23:19:52,038 [Worker-43: Launching mavenrun-315a052b-8872-42ef-a44b-55ac77164b14] INFO  o.eclipse.m2e.core.internal.Bundles - 	Entry: C:\Users\alva_\.p2\pool\plugins\org.apache.commons.cli_1.9.0.jar
2025-11-01 23:19:52,038 [Worker-43: Launching mavenrun-315a052b-8872-42ef-a44b-55ac77164b14] INFO  o.eclipse.m2e.core.internal.Bundles - getClasspathEntries(Bundle=org.apache.commons.commons-codec_1.16.0 [50])
2025-11-01 23:19:52,038 [Worker-43: Launching mavenrun-315a052b-8872-42ef-a44b-55ac77164b14] INFO  o.eclipse.m2e.core.internal.Bundles - 	Entry: C:\Users\alva_\.p2\pool\plugins\org.apache.commons.commons-codec_1.16.0.jar
2025-11-01 23:19:52,038 [Worker-43: Launching mavenrun-315a052b-8872-42ef-a44b-55ac77164b14] INFO  o.eclipse.m2e.core.internal.Bundles - getClasspathEntries(Bundle=com.google.guava.failureaccess_1.0.3 [14])
2025-11-01 23:19:52,039 [Worker-43: Launching mavenrun-315a052b-8872-42ef-a44b-55ac77164b14] INFO  o.eclipse.m2e.core.internal.Bundles - 	Entry: C:\Users\alva_\.p2\pool\plugins\com.google.guava.failureaccess_1.0.3.jar
2025-11-01 23:19:52,044 [Worker-43: Launching mavenrun-315a052b-8872-42ef-a44b-55ac77164b14] INFO  o.e.m.i.launch.MavenLaunchDelegate - Run build in "C:\Users\alva_\AppData\Local\Temp\m2e-archetypeGenerator14298061851432107943":
2025-11-01 23:19:52,069 [Worker-43: Launching mavenrun-315a052b-8872-42ef-a44b-55ac77164b14] INFO  o.e.m.i.launch.MavenLaunchDelegate -  mvn  -DarchetypeGroupId=io.github.unlp-oo -DarchetypeArtifactId=archetype -DarchetypeVersion=1.0.0 -DgroupId=ar.edu.unlp.info.oo1 -DartifactId=ejercicio14-DateLapse -Dversion=0.0.1-SNAPSHOT -Dpackage=ar.edu.unlp.info.oo1.ejercicio14_DateLapse -DoutputDirectory=C:\Users\alva_\eclipse-workspace_oo1 -Dstyle.color=always -U archetype:generate
2025-11-01 23:25:22,515 [Worker-48: Creating archetype] INFO  o.e.m.c.i.p.ProjectConfigurationManager - Collecting project info '/pom.xml' C:\Users\alva_\eclipse-workspace_oo1\ejercicio14-DateLapse\pom.xml
2025-11-01 23:25:24,653 [Worker-48: Creating archetype] INFO  o.e.m.c.i.l.LifecycleMappingFactory - Using org.eclipse.m2e.jdt.JarLifecycleMapping lifecycle mapping for MavenProject: ar.edu.unlp.info.oo1:ejercicio14-DateLapse:0.0.1-SNAPSHOT @ C:\Users\alva_\eclipse-workspace_oo1\ejercicio14-DateLapse\pom.xml.
2025-11-01 23:25:25,497 [Worker-48: Creating archetype] INFO  o.e.m.j.i.AbstractJavaProjectConfigurator - Adding source folder /ejercicio14-DateLapse/src/main/java
2025-11-01 23:25:25,499 [Worker-48: Creating archetype] INFO  o.e.m.j.i.AbstractJavaProjectConfigurator - Adding resource folder /ejercicio14-DateLapse/src/main/resources
2025-11-01 23:25:25,500 [Worker-48: Creating archetype] INFO  o.e.m.j.i.AbstractJavaProjectConfigurator - Adding source folder /ejercicio14-DateLapse/src/test/java
2025-11-01 23:25:25,501 [Worker-48: Creating archetype] INFO  o.e.m.j.i.AbstractJavaProjectConfigurator - Adding resource folder /ejercicio14-DateLapse/src/test/resources
2025-11-01 23:25:25,546 [Worker-48: Creating archetype] INFO  o.e.m.c.i.p.ProjectConfigurationManager - Imported and configured 1 project(s) in 3 sec
2025-11-01 23:29:22,696 [Worker-1: Loading available Gradle versions] INFO  o.e.b.c.i.u.g.PublishedGradleVersions - Gradle version information cache is out-of-date. Trying to update.
2025-11-01 23:30:09,839 [Worker-7: Building] INFO  o.a.m.s.f.DefaultMavenResourcesFiltering - skip non existing resourceDirectory C:\Users\alva_\eclipse-workspace_oo1\ejercicio14-DateLapse\src\main\resources
2025-11-01 23:30:09,846 [Worker-7: Building] INFO  o.a.m.s.f.DefaultMavenResourcesFiltering - skip non existing resourceDirectory C:\Users\alva_\eclipse-workspace_oo1\ejercicio14-DateLapse\src\test\resources
2025-11-01 23:30:58,801 [Worker-17: Building] INFO  o.a.m.s.f.DefaultMavenResourcesFiltering - skip non existing resourceDirectory C:\Users\alva_\eclipse-workspace_oo1\ejercicio14-DateLapse\src\main\resources
2025-11-01 23:30:58,806 [Worker-17: Building] INFO  o.a.m.s.f.DefaultMavenResourcesFiltering - skip non existing resourceDirectory C:\Users\alva_\eclipse-workspace_oo1\ejercicio14-DateLapse\src\test\resources
2025-11-01 23:31:07,004 [Worker-20: Building] INFO  o.a.m.s.f.DefaultMavenResourcesFiltering - skip non existing resourceDirectory C:\Users\alva_\eclipse-workspace_oo1\ejercicio14-DateLapse\src\main\resources
2025-11-01 23:31:07,007 [Worker-20: Building] INFO  o.a.m.s.f.DefaultMavenResourcesFiltering - skip non existing resourceDirectory C:\Users\alva_\eclipse-workspace_oo1\ejercicio14-DateLapse\src\test\resources
2025-11-01 23:31:32,130 [Worker-20: Building] INFO  o.a.m.s.f.DefaultMavenResourcesFiltering - skip non existing resourceDirectory C:\Users\alva_\eclipse-workspace_oo1\ejercicio14-DateLapse\src\main\resources
2025-11-01 23:31:32,135 [Worker-20: Building] INFO  o.a.m.s.f.DefaultMavenResourcesFiltering - skip non existing resourceDirectory C:\Users\alva_\eclipse-workspace_oo1\ejercicio14-DateLapse\src\test\resources
2025-11-01 23:31:46,199 [Worker-5: Building] INFO  o.a.m.s.f.DefaultMavenResourcesFiltering - skip non existing resourceDirectory C:\Users\alva_\eclipse-workspace_oo1\ejercicio14-DateLapse\src\main\resources
2025-11-01 23:31:46,204 [Worker-5: Building] INFO  o.a.m.s.f.DefaultMavenResourcesFiltering - skip non existing resourceDirectory C:\Users\alva_\eclipse-workspace_oo1\ejercicio14-DateLapse\src\test\resources
2025-11-01 23:32:31,491 [Worker-21: Building] INFO  o.a.m.s.f.DefaultMavenResourcesFiltering - skip non existing resourceDirectory C:\Users\alva_\eclipse-workspace_oo1\ejercicio14-DateLapse\src\main\resources
2025-11-01 23:32:31,494 [Worker-21: Building] INFO  o.a.m.s.f.DefaultMavenResourcesFiltering - skip non existing resourceDirectory C:\Users\alva_\eclipse-workspace_oo1\ejercicio14-DateLapse\src\test\resources
2025-11-01 23:33:47,641 [Worker-12: Building] INFO  o.a.m.s.f.DefaultMavenResourcesFiltering - skip non existing resourceDirectory C:\Users\alva_\eclipse-workspace_oo1\ejercicio21-servicioDePaquetes\src\main\resources
2025-11-01 23:33:47,647 [Worker-12: Building] INFO  o.a.m.s.f.DefaultMavenResourcesFiltering - skip non existing resourceDirectory C:\Users\alva_\eclipse-workspace_oo1\ejercicio21-servicioDePaquetes\src\test\resources
2025-11-01 23:35:31,208 [Worker-14: Building] INFO  o.a.m.s.f.DefaultMavenResourcesFiltering - skip non existing resourceDirectory C:\Users\alva_\eclipse-workspace_oo1\ejercicio21-servicioDePaquetes\src\main\resources
2025-11-01 23:35:31,211 [Worker-14: Building] INFO  o.a.m.s.f.DefaultMavenResourcesFiltering - skip non existing resourceDirectory C:\Users\alva_\eclipse-workspace_oo1\ejercicio21-servicioDePaquetes\src\test\resources
2025-11-01 23:35:49,947 [Worker-13: Building] INFO  o.a.m.s.f.DefaultMavenResourcesFiltering - skip non existing resourceDirectory C:\Users\alva_\eclipse-workspace_oo1\ejercicio21-servicioDePaquetes\src\main\resources
2025-11-01 23:35:49,951 [Worker-13: Building] INFO  o.a.m.s.f.DefaultMavenResourcesFiltering - skip non existing resourceDirectory C:\Users\alva_\eclipse-workspace_oo1\ejercicio21-servicioDePaquetes\src\test\resources
2025-11-01 23:35:57,776 [Worker-12: Building] INFO  o.a.m.s.f.DefaultMavenResourcesFiltering - skip non existing resourceDirectory C:\Users\alva_\eclipse-workspace_oo1\ejercicio21-servicioDePaquetes\src\main\resources
2025-11-01 23:35:57,778 [Worker-12: Building] INFO  o.a.m.s.f.DefaultMavenResourcesFiltering - skip non existing resourceDirectory C:\Users\alva_\eclipse-workspace_oo1\ejercicio21-servicioDePaquetes\src\test\resources
2025-11-01 23:36:04,029 [Worker-9: Building] INFO  o.a.m.s.f.DefaultMavenResourcesFiltering - skip non existing resourceDirectory C:\Users\alva_\eclipse-workspace_oo1\ejercicio21-servicioDePaquetes\src\main\resources
2025-11-01 23:36:04,032 [Worker-9: Building] INFO  o.a.m.s.f.DefaultMavenResourcesFiltering - skip non existing resourceDirectory C:\Users\alva_\eclipse-workspace_oo1\ejercicio21-servicioDePaquetes\src\test\resources
2025-11-01 23:36:38,991 [Worker-12: Building] INFO  o.a.m.s.f.DefaultMavenResourcesFiltering - skip non existing resourceDirectory C:\Users\alva_\eclipse-workspace_oo1\ejercicio21-servicioDePaquetes\src\main\resources
2025-11-01 23:36:38,994 [Worker-12: Building] INFO  o.a.m.s.f.DefaultMavenResourcesFiltering - skip non existing resourceDirectory C:\Users\alva_\eclipse-workspace_oo1\ejercicio21-servicioDePaquetes\src\test\resources
2025-11-01 23:36:54,684 [Worker-18: Building] INFO  o.a.m.s.f.DefaultMavenResourcesFiltering - skip non existing resourceDirectory C:\Users\alva_\eclipse-workspace_oo1\ejercicio21-servicioDePaquetes\src\main\resources
2025-11-01 23:36:54,686 [Worker-18: Building] INFO  o.a.m.s.f.DefaultMavenResourcesFiltering - skip non existing resourceDirectory C:\Users\alva_\eclipse-workspace_oo1\ejercicio21-servicioDePaquetes\src\test\resources
2025-11-01 23:36:59,679 [Worker-17: Building] INFO  o.a.m.s.f.DefaultMavenResourcesFiltering - skip non existing resourceDirectory C:\Users\alva_\eclipse-workspace_oo1\ejercicio21-servicioDePaquetes\src\main\resources
2025-11-01 23:36:59,681 [Worker-17: Building] INFO  o.a.m.s.f.DefaultMavenResourcesFiltering - skip non existing resourceDirectory C:\Users\alva_\eclipse-workspace_oo1\ejercicio21-servicioDePaquetes\src\test\resources
2025-11-01 23:37:04,511 [Worker-19: Building] INFO  o.a.m.s.f.DefaultMavenResourcesFiltering - skip non existing resourceDirectory C:\Users\alva_\eclipse-workspace_oo1\ejercicio21-servicioDePaquetes\src\main\resources
2025-11-01 23:37:04,513 [Worker-19: Building] INFO  o.a.m.s.f.DefaultMavenResourcesFiltering - skip non existing resourceDirectory C:\Users\alva_\eclipse-workspace_oo1\ejercicio21-servicioDePaquetes\src\test\resources
2025-11-01 23:37:18,445 [Worker-13: Building] INFO  o.a.m.s.f.DefaultMavenResourcesFiltering - skip non existing resourceDirectory C:\Users\alva_\eclipse-workspace_oo1\ejercicio21-servicioDePaquetes\src\main\resources
2025-11-01 23:37:18,447 [Worker-13: Building] INFO  o.a.m.s.f.DefaultMavenResourcesFiltering - skip non existing resourceDirectory C:\Users\alva_\eclipse-workspace_oo1\ejercicio21-servicioDePaquetes\src\test\resources
2025-11-01 23:37:34,165 [Worker-6: Building] INFO  o.a.m.s.f.DefaultMavenResourcesFiltering - skip non existing resourceDirectory C:\Users\alva_\eclipse-workspace_oo1\ejercicio21-servicioDePaquetes\src\main\resources
2025-11-01 23:37:34,168 [Worker-6: Building] INFO  o.a.m.s.f.DefaultMavenResourcesFiltering - skip non existing resourceDirectory C:\Users\alva_\eclipse-workspace_oo1\ejercicio21-servicioDePaquetes\src\test\resources
2025-11-01 23:37:39,604 [Worker-2: Building] INFO  o.e.m.c.i.l.LifecycleMappingFactory - Using org.eclipse.m2e.jdt.JarLifecycleMapping lifecycle mapping for MavenProject: ar.edu.unlp.info.oo1:ejercicio21-servicioDePaquetes:0.0.1-SNAPSHOT @ C:\Users\alva_\eclipse-workspace_oo1\ejercicio21-servicioDePaquetes\pom.xml.
2025-11-01 23:37:39,634 [Worker-2: Building] INFO  o.e.m.c.i.p.WorkspaceClassifierResolverManager - Resolving P/ejercicio14-DateLapse: ar.edu.unlp.info.oo1:ejercicio14-DateLapse:0.0.1-SNAPSHOT with classifier  to /ejercicio14-DateLapse/target/classes
2025-11-01 23:37:39,734 [Worker-2: Building] INFO  o.a.m.s.f.DefaultMavenResourcesFiltering - skip non existing resourceDirectory C:\Users\alva_\eclipse-workspace_oo1\ejercicio21-servicioDePaquetes\src\main\resources
2025-11-01 23:37:39,737 [Worker-2: Building] INFO  o.a.m.s.f.DefaultMavenResourcesFiltering - skip non existing resourceDirectory C:\Users\alva_\eclipse-workspace_oo1\ejercicio21-servicioDePaquetes\src\test\resources
2025-11-01 23:37:40,927 [Worker-9: Building] INFO  o.a.m.s.f.DefaultMavenResourcesFiltering - skip non existing resourceDirectory C:\Users\alva_\eclipse-workspace_oo1\ejercicio21-servicioDePaquetes\src\main\resources
2025-11-01 23:37:40,932 [Worker-9: Building] INFO  o.a.m.s.f.DefaultMavenResourcesFiltering - skip non existing resourceDirectory C:\Users\alva_\eclipse-workspace_oo1\ejercicio21-servicioDePaquetes\src\test\resources
2025-11-01 23:37:50,357 [Worker-6: Building] INFO  o.a.m.s.f.DefaultMavenResourcesFiltering - skip non existing resourceDirectory C:\Users\alva_\eclipse-workspace_oo1\ejercicio21-servicioDePaquetes\src\main\resources
2025-11-01 23:37:50,359 [Worker-6: Building] INFO  o.a.m.s.f.DefaultMavenResourcesFiltering - skip non existing resourceDirectory C:\Users\alva_\eclipse-workspace_oo1\ejercicio21-servicioDePaquetes\src\test\resources
2025-11-01 23:38:02,342 [Worker-15: Building] INFO  o.a.m.s.f.DefaultMavenResourcesFiltering - skip non existing resourceDirectory C:\Users\alva_\eclipse-workspace_oo1\ejercicio21-servicioDePaquetes\src\main\resources
2025-11-01 23:38:02,344 [Worker-15: Building] INFO  o.a.m.s.f.DefaultMavenResourcesFiltering - skip non existing resourceDirectory C:\Users\alva_\eclipse-workspace_oo1\ejercicio21-servicioDePaquetes\src\test\resources
2025-11-01 23:38:38,069 [Worker-12: Building] INFO  o.a.m.s.f.DefaultMavenResourcesFiltering - skip non existing resourceDirectory C:\Users\alva_\eclipse-workspace_oo1\ejercicio21-servicioDePaquetes\src\main\resources
2025-11-01 23:38:38,071 [Worker-12: Building] INFO  o.a.m.s.f.DefaultMavenResourcesFiltering - skip non existing resourceDirectory C:\Users\alva_\eclipse-workspace_oo1\ejercicio21-servicioDePaquetes\src\test\resources
2025-11-01 23:39:12,870 [Worker-17: Building] INFO  o.a.m.s.f.DefaultMavenResourcesFiltering - skip non existing resourceDirectory C:\Users\alva_\eclipse-workspace_oo1\ejercicio21-servicioDePaquetes\src\main\resources
2025-11-01 23:39:12,872 [Worker-17: Building] INFO  o.a.m.s.f.DefaultMavenResourcesFiltering - skip non existing resourceDirectory C:\Users\alva_\eclipse-workspace_oo1\ejercicio21-servicioDePaquetes\src\test\resources
2025-11-01 23:39:19,806 [Worker-6: Building] INFO  o.a.m.s.f.DefaultMavenResourcesFiltering - skip non existing resourceDirectory C:\Users\alva_\eclipse-workspace_oo1\ejercicio21-servicioDePaquetes\src\main\resources
2025-11-01 23:39:19,809 [Worker-6: Building] INFO  o.a.m.s.f.DefaultMavenResourcesFiltering - skip non existing resourceDirectory C:\Users\alva_\eclipse-workspace_oo1\ejercicio21-servicioDePaquetes\src\test\resources
2025-11-01 23:39:24,136 [Worker-12: Building] INFO  o.a.m.s.f.DefaultMavenResourcesFiltering - skip non existing resourceDirectory C:\Users\alva_\eclipse-workspace_oo1\ejercicio21-servicioDePaquetes\src\main\resources
2025-11-01 23:39:24,138 [Worker-12: Building] INFO  o.a.m.s.f.DefaultMavenResourcesFiltering - skip non existing resourceDirectory C:\Users\alva_\eclipse-workspace_oo1\ejercicio21-servicioDePaquetes\src\test\resources
2025-11-01 23:39:54,038 [Worker-20: Building] INFO  o.a.m.s.f.DefaultMavenResourcesFiltering - skip non existing resourceDirectory C:\Users\alva_\eclipse-workspace_oo1\ejercicio21-servicioDePaquetes\src\main\resources
2025-11-01 23:39:54,040 [Worker-20: Building] INFO  o.a.m.s.f.DefaultMavenResourcesFiltering - skip non existing resourceDirectory C:\Users\alva_\eclipse-workspace_oo1\ejercicio21-servicioDePaquetes\src\test\resources
2025-11-01 23:40:00,574 [Worker-15: Building] INFO  o.a.m.s.f.DefaultMavenResourcesFiltering - skip non existing resourceDirectory C:\Users\alva_\eclipse-workspace_oo1\ejercicio21-servicioDePaquetes\src\main\resources
2025-11-01 23:40:00,577 [Worker-15: Building] INFO  o.a.m.s.f.DefaultMavenResourcesFiltering - skip non existing resourceDirectory C:\Users\alva_\eclipse-workspace_oo1\ejercicio21-servicioDePaquetes\src\test\resources
2025-11-01 23:40:06,695 [Worker-12: Building] INFO  o.a.m.s.f.DefaultMavenResourcesFiltering - skip non existing resourceDirectory C:\Users\alva_\eclipse-workspace_oo1\ejercicio21-servicioDePaquetes\src\main\resources
2025-11-01 23:40:06,698 [Worker-12: Building] INFO  o.a.m.s.f.DefaultMavenResourcesFiltering - skip non existing resourceDirectory C:\Users\alva_\eclipse-workspace_oo1\ejercicio21-servicioDePaquetes\src\test\resources
2025-11-01 23:40:09,347 [Worker-13: Building] INFO  o.a.m.s.f.DefaultMavenResourcesFiltering - skip non existing resourceDirectory C:\Users\alva_\eclipse-workspace_oo1\ejercicio21-servicioDePaquetes\src\main\resources
2025-11-01 23:40:09,350 [Worker-13: Building] INFO  o.a.m.s.f.DefaultMavenResourcesFiltering - skip non existing resourceDirectory C:\Users\alva_\eclipse-workspace_oo1\ejercicio21-servicioDePaquetes\src\test\resources
2025-11-01 23:40:17,898 [Worker-20: Building] INFO  o.a.m.s.f.DefaultMavenResourcesFiltering - skip non existing resourceDirectory C:\Users\alva_\eclipse-workspace_oo1\ejercicio21-servicioDePaquetes\src\main\resources
2025-11-01 23:40:17,901 [Worker-20: Building] INFO  o.a.m.s.f.DefaultMavenResourcesFiltering - skip non existing resourceDirectory C:\Users\alva_\eclipse-workspace_oo1\ejercicio21-servicioDePaquetes\src\test\resources
2025-11-01 23:40:32,990 [Worker-9: Building] INFO  o.a.m.s.f.DefaultMavenResourcesFiltering - skip non existing resourceDirectory C:\Users\alva_\eclipse-workspace_oo1\ejercicio21-servicioDePaquetes\src\main\resources
2025-11-01 23:40:32,993 [Worker-9: Building] INFO  o.a.m.s.f.DefaultMavenResourcesFiltering - skip non existing resourceDirectory C:\Users\alva_\eclipse-workspace_oo1\ejercicio21-servicioDePaquetes\src\test\resources
2025-11-01 23:40:37,989 [Worker-17: Building] INFO  o.a.m.s.f.DefaultMavenResourcesFiltering - skip non existing resourceDirectory C:\Users\alva_\eclipse-workspace_oo1\ejercicio21-servicioDePaquetes\src\main\resources
2025-11-01 23:40:37,991 [Worker-17: Building] INFO  o.a.m.s.f.DefaultMavenResourcesFiltering - skip non existing resourceDirectory C:\Users\alva_\eclipse-workspace_oo1\ejercicio21-servicioDePaquetes\src\test\resources
2025-11-01 23:40:48,529 [Worker-2: Building] INFO  o.a.m.s.f.DefaultMavenResourcesFiltering - skip non existing resourceDirectory C:\Users\alva_\eclipse-workspace_oo1\ejercicio21-servicioDePaquetes\src\main\resources
2025-11-01 23:40:48,531 [Worker-2: Building] INFO  o.a.m.s.f.DefaultMavenResourcesFiltering - skip non existing resourceDirectory C:\Users\alva_\eclipse-workspace_oo1\ejercicio21-servicioDePaquetes\src\test\resources
2025-11-01 23:40:52,655 [Worker-12: Building] INFO  o.a.m.s.f.DefaultMavenResourcesFiltering - skip non existing resourceDirectory C:\Users\alva_\eclipse-workspace_oo1\ejercicio21-servicioDePaquetes\src\main\resources
2025-11-01 23:40:52,657 [Worker-12: Building] INFO  o.a.m.s.f.DefaultMavenResourcesFiltering - skip non existing resourceDirectory C:\Users\alva_\eclipse-workspace_oo1\ejercicio21-servicioDePaquetes\src\test\resources
2025-11-01 23:40:59,040 [Worker-14: Building] INFO  o.a.m.s.f.DefaultMavenResourcesFiltering - skip non existing resourceDirectory C:\Users\alva_\eclipse-workspace_oo1\ejercicio21-servicioDePaquetes\src\main\resources
2025-11-01 23:40:59,043 [Worker-14: Building] INFO  o.a.m.s.f.DefaultMavenResourcesFiltering - skip non existing resourceDirectory C:\Users\alva_\eclipse-workspace_oo1\ejercicio21-servicioDePaquetes\src\test\resources
2025-11-01 23:41:05,022 [Worker-17: Building] INFO  o.a.m.s.f.DefaultMavenResourcesFiltering - skip non existing resourceDirectory C:\Users\alva_\eclipse-workspace_oo1\ejercicio21-servicioDePaquetes\src\main\resources
2025-11-01 23:41:05,024 [Worker-17: Building] INFO  o.a.m.s.f.DefaultMavenResourcesFiltering - skip non existing resourceDirectory C:\Users\alva_\eclipse-workspace_oo1\ejercicio21-servicioDePaquetes\src\test\resources
2025-11-01 23:41:07,562 [Worker-13: Building] INFO  o.a.m.s.f.DefaultMavenResourcesFiltering - skip non existing resourceDirectory C:\Users\alva_\eclipse-workspace_oo1\ejercicio21-servicioDePaquetes\src\main\resources
2025-11-01 23:41:07,563 [Worker-13: Building] INFO  o.a.m.s.f.DefaultMavenResourcesFiltering - skip non existing resourceDirectory C:\Users\alva_\eclipse-workspace_oo1\ejercicio21-servicioDePaquetes\src\test\resources
2025-11-01 23:41:13,569 [Worker-14: Building] INFO  o.a.m.s.f.DefaultMavenResourcesFiltering - skip non existing resourceDirectory C:\Users\alva_\eclipse-workspace_oo1\ejercicio21-servicioDePaquetes\src\main\resources
2025-11-01 23:41:13,572 [Worker-14: Building] INFO  o.a.m.s.f.DefaultMavenResourcesFiltering - skip non existing resourceDirectory C:\Users\alva_\eclipse-workspace_oo1\ejercicio21-servicioDePaquetes\src\test\resources
2025-11-01 23:41:24,611 [Worker-14: Building] INFO  o.a.m.s.f.DefaultMavenResourcesFiltering - skip non existing resourceDirectory C:\Users\alva_\eclipse-workspace_oo1\ejercicio21-servicioDePaquetes\src\main\resources
2025-11-01 23:41:24,614 [Worker-14: Building] INFO  o.a.m.s.f.DefaultMavenResourcesFiltering - skip non existing resourceDirectory C:\Users\alva_\eclipse-workspace_oo1\ejercicio21-servicioDePaquetes\src\test\resources
2025-11-01 23:41:28,046 [Worker-13: Building] INFO  o.a.m.s.f.DefaultMavenResourcesFiltering - skip non existing resourceDirectory C:\Users\alva_\eclipse-workspace_oo1\ejercicio21-servicioDePaquetes\src\main\resources
2025-11-01 23:41:28,048 [Worker-13: Building] INFO  o.a.m.s.f.DefaultMavenResourcesFiltering - skip non existing resourceDirectory C:\Users\alva_\eclipse-workspace_oo1\ejercicio21-servicioDePaquetes\src\test\resources
2025-11-01 23:42:26,359 [Worker-15: Building] INFO  o.a.m.s.f.DefaultMavenResourcesFiltering - skip non existing resourceDirectory C:\Users\alva_\eclipse-workspace_oo1\ejercicio21-servicioDePaquetes\src\main\resources
2025-11-01 23:42:26,361 [Worker-15: Building] INFO  o.a.m.s.f.DefaultMavenResourcesFiltering - skip non existing resourceDirectory C:\Users\alva_\eclipse-workspace_oo1\ejercicio21-servicioDePaquetes\src\test\resources
2025-11-01 23:42:44,626 [Worker-2: Building] INFO  o.a.m.s.f.DefaultMavenResourcesFiltering - skip non existing resourceDirectory C:\Users\alva_\eclipse-workspace_oo1\ejercicio21-servicioDePaquetes\src\main\resources
2025-11-01 23:42:44,629 [Worker-2: Building] INFO  o.a.m.s.f.DefaultMavenResourcesFiltering - skip non existing resourceDirectory C:\Users\alva_\eclipse-workspace_oo1\ejercicio21-servicioDePaquetes\src\test\resources
2025-11-01 23:43:03,066 [Worker-14: Building] INFO  o.a.m.s.f.DefaultMavenResourcesFiltering - skip non existing resourceDirectory C:\Users\alva_\eclipse-workspace_oo1\ejercicio21-servicioDePaquetes\src\main\resources
2025-11-01 23:43:03,068 [Worker-14: Building] INFO  o.a.m.s.f.DefaultMavenResourcesFiltering - skip non existing resourceDirectory C:\Users\alva_\eclipse-workspace_oo1\ejercicio21-servicioDePaquetes\src\test\resources
2025-11-02 00:29:52,077 [Worker-8: Building] INFO  o.a.m.s.f.DefaultMavenResourcesFiltering - skip non existing resourceDirectory C:\Users\alva_\eclipse-workspace_oo1\ejercicio21-servicioDePaquetes\src\main\resources
2025-11-02 00:29:52,079 [Worker-8: Building] INFO  o.a.m.s.f.DefaultMavenResourcesFiltering - skip non existing resourceDirectory C:\Users\alva_\eclipse-workspace_oo1\ejercicio21-servicioDePaquetes\src\test\resources
2025-11-02 00:29:56,826 [Worker-8: Building] INFO  o.a.m.s.f.DefaultMavenResourcesFiltering - skip non existing resourceDirectory C:\Users\alva_\eclipse-workspace_oo1\ejercicio21-servicioDePaquetes\src\main\resources
2025-11-02 00:29:56,828 [Worker-8: Building] INFO  o.a.m.s.f.DefaultMavenResourcesFiltering - skip non existing resourceDirectory C:\Users\alva_\eclipse-workspace_oo1\ejercicio21-servicioDePaquetes\src\test\resources
2025-11-02 00:30:02,263 [Worker-8: Building] INFO  o.a.m.s.f.DefaultMavenResourcesFiltering - skip non existing resourceDirectory C:\Users\alva_\eclipse-workspace_oo1\ejercicio21-servicioDePaquetes\src\main\resources
2025-11-02 00:30:02,265 [Worker-8: Building] INFO  o.a.m.s.f.DefaultMavenResourcesFiltering - skip non existing resourceDirectory C:\Users\alva_\eclipse-workspace_oo1\ejercicio21-servicioDePaquetes\src\test\resources
2025-11-02 00:33:05,349 [Worker-22: Building] INFO  o.a.m.s.f.DefaultMavenResourcesFiltering - skip non existing resourceDirectory C:\Users\alva_\eclipse-workspace_oo1\ejercicio21-servicioDePaquetes\src\main\resources
2025-11-02 00:33:05,352 [Worker-22: Building] INFO  o.a.m.s.f.DefaultMavenResourcesFiltering - skip non existing resourceDirectory C:\Users\alva_\eclipse-workspace_oo1\ejercicio21-servicioDePaquetes\src\test\resources
2025-11-02 00:33:13,127 [Worker-22: Building] INFO  o.a.m.s.f.DefaultMavenResourcesFiltering - skip non existing resourceDirectory C:\Users\alva_\eclipse-workspace_oo1\ejercicio21-servicioDePaquetes\src\main\resources
2025-11-02 00:33:13,129 [Worker-22: Building] INFO  o.a.m.s.f.DefaultMavenResourcesFiltering - skip non existing resourceDirectory C:\Users\alva_\eclipse-workspace_oo1\ejercicio21-servicioDePaquetes\src\test\resources
2025-11-03 11:54:59,555 [Worker-2: Loading available Gradle versions] INFO  o.e.b.c.i.u.g.PublishedGradleVersions - Gradle version information cache is out-of-date. Trying to update.
2025-11-03 15:17:24,361 [Worker-1: Loading available Gradle versions] INFO  o.e.b.c.i.u.g.PublishedGradleVersions - Gradle version information cache is up-to-date. Trying to read.
